item_id,order_id,product_id,quantity,unit_price,discount_percent
I0000001,O000379,P00104,-4,2102.55,10
I0000002,O000624,P00373,-3,4358.28,20
I0000003,O000267,P00014,-5,806.24,20
I0000004,O001084,P00371,-5,1139.86,0
I0000005,O001197,P00283,-2,6182.35,0
I0000006,O000247,P00134,-5,276.47,20
I0000007,O000913,P00196,-2,4279.12,0
I0000008,O000972,P00352,-3,6202.75,0
I0000009,O000090,P00547,-2,5045.52,10
I0000010,O000712,P00259,-5,2607.28,10
I0000011,O000139,P00121,-4,4421.73,15
I0000012,O000342,P00516,-1,2169.74,20
I0000013,O000094,P00133,-3,8596.23,0
I0000014,O001014,P00195,-4,715.06,25
I0000015,O000339,P00526,-1,6138.07,15
I0000016,O000800,P00394,-5,505.24,5
I0000017,O000008,P00212,-2,2597.68,0
I0000018,O000933,P00010,-5,2157.59,20
I0000019,O000622,P00538,-3,7384.19,5
I0000020,O000244,P00275,-5,3774.8,0
I0000021,O000598,P00547,-2,4835.09,0
I0000022,O000554,P00285,-2,6717.01,0
I0000023,O001095,P00255,-2,2498.6,20
I0000024,O000756,P00356,-5,2523.86,20
I0000025,O000837,P00271,-2,2062.86,5
I0000026,O001282,P00333,-1,3703.2,25
I0000027,O000573,P00365,-2,2003.56,0
I0000028,O001340,P00109,-4,4791.89,20
I0000029,O000452,P00212,-4,2795.22,0
I0000030,O000914,P00405,-2,1839.44,20
I0000031,O000304,P00445,-3,8471.41,0
I0000032,O000941,P00508,-2,3345.41,25
I0000033,O001167,P00181,-2,2515.46,20
I0000034,O000044,P00185,-3,1337.92,0
I0000035,O000385,P00404,-5,1760.87,0
I0000036,O000932,P00437,-2,344.98,10
I0000037,O000282,P00103,-5,8101.68,25
I0000038,O000205,P00013,-5,1803.49,0
I0000039,O001320,P00113,-1,7892.59,0
I0000040,O000549,P00255,-1,2529.83,20
I0000041,O000218,P00014,-1,879.27,25
I0000042,O000415,P00347,-1,534.71,25
I0000043,O000630,P00455,-2,1741.71,0
I0000044,O001114,P00250,-1,2618.07,20
I0000045,O000092,P00127,-1,5007.96,5
I0000046,O000851,P00106,-5,693.98,0
I0000047,O000875,P00025,-2,1671.0,5
I0000048,O000788,P00294,-2,2423.76,20
I0000049,O000348,P00116,-4,8302.72,0
I0000050,O000732,P00105,-3,4106.54,5
I0000051,O000174,P00122,-3,8078.79,15
I0000052,O000878,P00155,-2,213.65,15
I0000053,O000308,P00186,-4,368.75,20
I0000054,O000588,P00309,-5,3264.87,0
I0000055,O001356,P00278,-4,5428.9,5
I0000056,O000305,P00079,-1,4137.54,0
I0000057,O000800,P00328,-2,791.6,25
I0000058,O000232,P00490,-1,509.08,20
I0000059,O000186,P00286,-2,1550.78,0
I0000060,O000723,P00187,-4,6567.52,10
I0000061,O001233,P00493,-4,5768.15,5
I0000062,O000785,P00142,-2,701.84,10
I0000063,O001091,P00547,-4,6013.87,0
I0000064,O001190,P00394,-1,571.34,15
I0000065,O000482,P00225,-1,270.82,0
I0000066,O001144,P00018,-3,4060.63,0
I0000067,O000716,P00113,-1,6349.34,25
I0000068,O000943,P00143,-3,2508.13,25
I0000069,O000432,P00432,-2,5075.01,0
I0000070,O000294,P00142,-1,689.89,0
I0000071,O000111,P00435,-3,6194.16,20
I0000072,O001217,P00076,-4,8327.63,0
I0000073,O000290,P00151,-3,2604.04,0
I0000074,O000853,P00013,-5,1630.45,0
I0000075,O001081,P00482,-2,3094.85,5
I0000076,O000691,P00482,-4,2802.88,20
I0000077,O000228,P00014,-3,745.61,20
I0000078,O000356,P00033,-5,1222.83,0
I0000079,O001393,P00406,-4,5603.06,10
I0000080,O001028,P00265,-5,4556.4,0
I0000081,O000557,P00434,-2,6571.29,15
I0000082,O000434,P00387,-2,3916.07,0
I0000083,O000377,P00225,-4,323.66,15
I0000084,O000978,P00080,-4,6873.49,20
I0000085,O000338,P00415,-4,2306.28,5
I0000086,O000553,P00435,-2,4834.44,0
I0000087,O000688,P00372,-5,2616.97,5
I0000088,O000219,P00167,-5,4494.34,15
I0000089,O000385,P00012,-3,4754.44,20
I0000090,O000552,P00034,-2,1231.86,15
I0000091,O000991,P00046,-5,337.01,5
I0000092,O000018,P00096,-3,1084.65,25
I0000093,O001025,P00290,-4,5376.46,25
I0000094,O000266,P00401,-3,5977.26,0
I0000095,O001032,P00340,-4,4405.34,25
I0000096,O001203,P00154,-1,6608.97,10
I0000097,O000331,P00039,-3,3642.79,10
I0000098,O000475,P00081,-1,4599.72,25
I0000099,O001028,P00145,-2,2800.11,20
I0000100,O000917,P00536,-3,4957.01,5
I0000101,O001277,P00298,-3,7883.01,10
I0000102,O000490,P00041,-4,1431.87,15
I0000103,O001162,P00077,-2,3700.89,10
I0000104,O000293,P00100,-1,2315.81,5
I0000105,O000193,P00090,-4,231.83,0
I0000106,O000140,P00303,-2,3403.95,5
I0000107,O000146,P00362,-1,5559.06,25
I0000108,O000970,P00472,-3,4657.55,25
I0000109,O000254,P00453,-2,799.09,10
I0000110,O000588,P00041,-3,1556.41,25
I0000111,O000752,P00133,-4,7306.93,15
I0000112,O000171,P00322,-3,257.65,15
I0000113,O001398,P00461,-3,755.16,20
I0000114,O001149,P00059,-2,2352.74,25
I0000115,O000770,P00108,-3,461.11,10
I0000116,O000796,P00075,-2,2321.26,20
I0000117,O000955,P00096,-3,898.31,15
I0000118,O000176,P00477,-1,714.32,0
I0000119,O000409,P00407,-4,3342.3,0
I0000120,O001238,P00325,-3,1604.27,20
I0000121,O000571,P00488,-1,6675.93,15
I0000122,O000299,P00160,-4,5468.02,5
I0000123,O000779,P00033,-5,1007.46,25
I0000124,O000970,P00371,-4,968.63,0
I0000125,O000553,P00024,-4,6661.11,0
I0000126,O000142,P00086,-2,170.52,0
I0000127,O000860,P00306,4,4843.71,20
I0000128,O000111,P00266,2,4329.73,10
I0000129,O000337,P00351,3,6075.91,10
I0000130,O001097,P00494,4,2938.46,0
I0000131,O001169,P00448,3,6443.0,0
I0000132,O001368,P00204,1,460.94,0
I0000133,O000030,P00332,3,4712.01,10
I0000134,O000649,P00152,4,660.61,20
I0000135,O001067,P00417,3,4573.59,10
I0000136,O001309,P00129,4,613.23,0
I0000137,O000385,P00038,2,4134.06,15
I0000138,O000774,P00171,5,2279.75,0
I0000139,O000030,P00196,5,3466.97,5
I0000140,O000629,P00017,3,3091.3,25
I0000141,O001329,P00128,4,4577.57,10
I0000142,O000722,P00421,3,4907.4,10
I0000143,O000233,P00536,3,5207.94,10
I0000144,O000363,P00439,3,7288.93,0
I0000145,O000584,P00447,4,505.27,20
I0000146,O001271,P00448,3,7922.9,25
I0000147,O000213,P00102,1,2931.68,0
I0000148,O001017,P00422,1,4207.48,15
I0000149,O001031,P00103,4,7669.28,0
I0000150,O000434,P00297,4,996.43,10
I0000151,O000401,P00391,1,625.37,0
I0000152,O000846,P00360,4,5290.29,20
I0000153,O000768,P00406,1,5287.5,15
I0000154,O001349,P00291,3,3919.54,25
I0000155,O000009,P00425,2,729.32,10
I0000156,O000054,P00034,1,1272.23,5
I0000157,O000651,P00532,5,6439.31,15
I0000158,O001139,P00441,2,7595.09,0
I0000159,O001184,P00403,1,2518.86,20
I0000160,O000826,P00400,2,6567.32,15
I0000161,O000474,P00163,4,492.9,25
I0000162,O000243,P00130,5,1929.61,25
I0000163,O001133,P00402,3,5020.37,5
I0000164,O000192,P00209,1,4563.18,0
I0000165,O001266,P00157,1,5923.47,0
I0000166,O000268,P00392,1,8286.44,20
I0000167,O000491,P00367,2,4002.42,0
I0000168,O001097,P00305,2,3282.18,20
I0000169,O001351,P00388,3,3650.39,0
I0000170,O001308,P00148,1,1044.05,25
I0000171,O000941,P00106,1,948.45,0
I0000172,O000579,P00110,2,3446.33,0
I0000173,O001013,P00096,1,1035.19,25
I0000174,O000207,P00213,4,5196.73,0
I0000175,O000997,P00424,1,8715.3,0
I0000176,O000769,P00216,4,3687.16,20
I0000177,O000369,P00462,2,1225.77,0
I0000178,O000703,P00033,1,1462.41,10
I0000179,O001069,P00006,2,5582.57,0
I0000180,O000061,P00198,5,4191.52,15
I0000181,O000443,P00525,2,1340.22,0
I0000182,O000671,P00223,1,2115.93,0
I0000183,O000561,P00130,3,1819.71,0
I0000184,O001336,P00357,5,2240.21,20
I0000185,O001050,P00508,4,4511.04,0
I0000186,O000406,P00257,2,5629.42,20
I0000187,O000211,P00288,4,4950.11,25
I0000188,O000422,P00320,2,7015.39,10
I0000189,O000868,P00444,4,3895.71,5
I0000190,O000221,P00327,5,1348.76,10
I0000191,O000723,P00205,5,6889.3,20
I0000192,O000343,P00066,4,2807.82,15
I0000193,O000840,P00260,5,2239.89,25
I0000194,O000816,P00544,3,3987.58,0
I0000195,O000381,P00331,4,473.61,0
I0000196,O000762,P00221,3,3118.1,5
I0000197,O000653,P00126,1,2761.59,20
I0000198,O000954,P00337,2,4060.2,5
I0000199,O000136,P00239,5,4180.34,15
I0000200,O000446,P00218,5,2263.31,5
I0000201,O001324,P00077,5,3410.72,25
I0000202,O000656,P00446,3,4723.38,0
I0000203,O000096,P00506,4,4377.83,10
I0000204,O000928,P00123,1,1145.4,5
I0000205,O001181,P00393,2,2802.19,0
I0000206,O000583,P00005,4,6257.86,10
I0000207,O001081,P00038,5,3483.15,20
I0000208,O000963,P00017,1,2588.5,25
I0000209,O000563,P00426,3,6035.19,5
I0000210,O001140,P00410,1,2222.75,10
I0000211,O000612,P00049,4,1856.87,10
I0000212,O000766,P00506,1,4300.89,0
I0000213,O000098,P00030,2,8245.25,0
I0000214,O000893,P00108,3,475.67,0
I0000215,O001101,P00196,3,4372.83,20
I0000216,O000089,P00054,3,4755.2,5
I0000217,O000675,P00077,3,3785.58,25
I0000218,O000349,P00389,3,2818.45,15
I0000219,O000259,P00472,1,3626.81,0
I0000220,O001369,P00424,4,6250.68,15
I0000221,O000979,P00247,5,4977.78,5
I0000222,O000463,P00330,4,4203.74,25
I0000223,O000723,P00304,1,4899.18,25
I0000224,O000160,P00249,2,618.78,10
I0000225,O000027,P00062,2,7087.66,10
I0000226,O000999,P00395,2,843.07,0
I0000227,O000642,P00541,5,2591.57,5
I0000228,O001034,P00465,2,2910.14,0
I0000229,O000790,P00225,3,341.16,25
I0000230,O000820,P00526,2,5509.11,5
I0000231,O000630,P00434,2,6523.49,15
I0000232,O000945,P00105,2,5688.62,20
I0000233,O000034,P00113,2,7783.45,0
I0000234,O000976,P00274,1,4447.45,10
I0000235,O000243,P00361,3,2602.29,0
I0000236,O000435,P00363,4,1407.52,15
I0000237,O000684,P00442,5,728.58,5
I0000238,O000101,P00379,1,4088.18,20
I0000239,O000603,P00433,2,6554.04,0
I0000240,O001245,P00283,5,6466.48,10
I0000241,O001324,P00112,1,3864.6,0
I0000242,O000109,P00225,1,331.98,15
I0000243,O000135,P00273,2,4349.7,5
I0000244,O000829,P00232,5,4561.49,0
I0000245,O001015,P00226,3,4324.96,25
I0000246,O001305,P00209,3,5154.19,15
I0000247,O000194,P00295,1,6248.18,20
I0000248,O000489,P00489,3,889.15,20
I0000249,O000384,P00072,2,2382.91,10
I0000250,O001365,P00146,1,156.73,5
I0000251,O000541,P00022,2,6709.11,0
I0000252,O000722,P00010,5,2558.91,15
I0000253,O000507,P00002,4,2987.63,0
I0000254,O001393,P00018,5,4908.38,25
I0000255,O001031,P00234,5,2634.93,0
I0000256,O000624,P00097,1,4474.98,5
I0000257,O000719,P00464,4,4873.51,5
I0000258,O000747,P00499,3,3739.1,25
I0000259,O000684,P00362,3,7375.83,25
I0000260,O000553,P00496,1,7133.09,20
I0000261,O000841,P00022,2,6650.91,20
I0000262,O001020,P00146,3,128.63,15
I0000263,O000423,P00442,3,973.86,0
I0000264,O000561,P00387,1,4693.84,20
I0000265,O000359,P00461,5,837.46,20
I0000266,O000801,P00358,3,2018.15,5
I0000267,O000085,P00317,2,2168.65,20
I0000268,O000252,P00352,5,5048.81,10
I0000269,O000226,P00356,3,3224.06,10
I0000270,O001395,P00151,4,2693.26,5
I0000271,O000998,P00167,3,4979.48,25
I0000272,O000930,P00302,1,5089.48,5
I0000273,O001001,P00127,1,5491.43,10
I0000274,O000103,P00361,1,2001.72,5
I0000275,O001363,P00291,5,5120.8,15
I0000276,O000555,P00159,1,3720.55,20
I0000277,O001199,P00202,4,5805.12,5
I0000278,O000970,P00225,1,336.33,0
I0000279,O000818,P00396,4,6286.37,0
I0000280,O001223,P00268,3,3444.48,15
I0000281,O001185,P00447,3,379.9,25
I0000282,O000278,P00205,3,7012.2,0
I0000283,O000176,P00309,3,3193.89,20
I0000284,O000376,P00473,5,1938.82,25
I0000285,O000284,P00448,1,6813.63,20
I0000286,O000733,P00321,5,453.25,10
I0000287,O000841,P00478,4,5959.02,15
I0000288,O000182,P00028,4,5224.92,15
I0000289,O001189,P00310,2,2547.77,0
I0000290,O000805,P00301,1,1668.96,20
I0000291,O001061,P00007,4,3198.35,0
I0000292,O000554,P00087,1,3945.27,20
I0000293,O001218,P00110,3,3195.56,5
I0000294,O000125,P00494,3,2318.4,15
I0000295,O000420,P00524,1,7159.26,15
I0000296,O000458,P00508,2,4432.5,20
I0000297,O001287,P00159,3,4012.7,0
I0000298,O000412,P00497,5,3935.13,0
I0000299,O000248,P00157,5,5512.71,0
I0000300,O000971,P00210,1,3566.82,15
I0000301,O000114,P00455,4,2185.61,5
I0000302,O000377,P00415,4,3165.63,25
I0000303,O001396,P00267,5,5230.32,20
I0000304,O000300,P00127,4,6278.24,0
I0000305,O000350,P00146,2,159.07,20
I0000306,O000984,P00206,4,6638.35,20
I0000307,O001010,P00103,5,7033.77,5
I0000308,O000220,P00401,4,5449.36,25
I0000309,O000058,P00436,2,1124.53,0
I0000310,O001189,P00399,1,1245.51,20
I0000311,O000727,P00456,1,7584.46,10
I0000312,O000019,P00470,3,1448.69,5
I0000313,O000432,P00513,5,3783.7,20
I0000314,O001051,P00538,4,5339.87,20
I0000315,O001344,P00156,3,3243.42,5
I0000316,O000571,P00471,2,8095.1,20
I0000317,O000140,P00311,4,7619.98,20
I0000318,O000967,P00496,4,6920.78,0
I0000319,O000531,P00520,5,1209.18,5
I0000320,O001265,P00357,5,2763.15,0
I0000321,O000326,P00047,1,1346.74,20
I0000322,O001392,P00109,4,5256.93,25
I0000323,O000216,P00238,2,1900.75,0
I0000324,O000132,P00394,4,433.92,5
I0000325,O000150,P00118,1,4860.45,5
I0000326,O000658,P00031,2,4990.3,10
I0000327,O001306,P00387,2,4198.93,0
I0000328,O001006,P00201,3,903.98,5
I0000329,O000332,P00231,2,1782.8,15
I0000330,O001193,P00197,1,3290.31,20
I0000331,O000069,P00099,2,2228.73,0
I0000332,O001164,P00369,4,656.07,0
I0000333,O001398,P00349,2,3677.75,20
I0000334,O000390,P00541,4,2659.08,15
I0000335,O000722,P00486,5,1488.73,15
I0000336,O000899,P00142,1,704.41,10
I0000337,O000161,P00073,5,3680.08,15
I0000338,O000242,P00306,1,4793.7,0
I0000339,O000459,P00339,1,6940.77,5
I0000340,O000733,P00258,4,3486.78,25
I0000341,O000154,P00162,3,2129.77,0
I0000342,O001025,P00531,5,3373.62,15
I0000343,O000228,P00059,5,3026.28,5
I0000344,O000693,P00031,1,5733.15,0
I0000345,O000286,P00343,1,777.32,25
I0000346,O000483,P00338,1,188.05,25
I0000347,O000145,P00037,3,7158.4,15
I0000348,O000981,P00083,5,6789.94,5
I0000349,O000073,P00043,1,801.29,0
I0000350,O000979,P00359,4,1798.02,25
I0000351,O000114,P00234,1,2463.56,25
I0000352,O001246,P00201,5,1060.77,20
I0000353,O000988,P00019,5,947.44,25
I0000354,O000881,P00387,2,4407.03,15
I0000355,O000897,P00142,1,614.59,15
I0000356,O000397,P00377,3,387.95,0
I0000357,O000189,P00244,2,4686.07,0
I0000358,O001164,P00423,5,1181.28,25
I0000359,O000117,P00016,2,1599.93,0
I0000360,O000579,P00450,2,2864.0,5
I0000361,O000266,P00251,3,2474.47,10
I0000362,O000157,P00126,1,2311.55,15
I0000363,O000732,P00211,4,2029.76,25
I0000364,O000620,P00226,4,5767.57,25
I0000365,O001079,P00300,2,6129.1,5
I0000366,O000111,P00516,1,1958.94,10
I0000367,O000161,P00498,3,1704.57,0
I0000368,O000625,P00534,2,5934.58,0
I0000369,O000291,P00126,3,2091.38,0
I0000370,O000234,P00451,4,3562.39,25
I0000371,O000570,P00035,3,3742.14,5
I0000372,O000572,P00087,1,3979.68,10
I0000373,O000784,P00508,1,3651.07,0
I0000374,O000777,P00230,2,2854.27,10
I0000375,O001353,P00546,1,4830.19,15
I0000376,O001247,P00357,1,2689.52,5
I0000377,O000444,P00269,5,4734.36,5
I0000378,O000117,P00445,4,8194.77,15
I0000379,O001096,P00398,3,3921.68,15
I0000380,O000333,P00532,3,8163.43,10
I0000381,O000032,P00244,2,4128.66,20
I0000382,O000512,P00281,1,2568.58,5
I0000383,O000809,P00346,5,3958.83,5
I0000384,O001351,P00371,3,984.86,20
I0000385,O000629,P00013,1,1948.03,5
I0000386,O000909,P00271,2,1752.81,10
I0000387,O000076,P00010,4,2555.76,10
I0000388,O000120,P00224,4,464.08,0
I0000389,O001130,P00284,5,3110.36,0
I0000390,O000529,P00452,2,1222.93,5
I0000391,O000261,P00266,4,4609.03,0
I0000392,O001344,P00151,5,2567.2,0
I0000393,O001038,P00040,2,3417.27,15
I0000394,O001134,P00325,1,1753.36,0
I0000395,O000034,P00266,3,5542.19,25
I0000396,O000092,P00362,5,6634.02,5
I0000397,O001039,P00112,1,4199.46,15
I0000398,O000418,P00080,2,6910.93,5
I0000399,O001315,P00426,1,6319.82,5
I0000400,O000669,P00147,1,3547.72,5
I0000401,O001336,P00344,4,6289.87,5
I0000402,O000755,P00032,2,4300.85,0
I0000403,O001248,P00027,1,6298.36,5
I0000404,O001191,P00524,5,7718.56,0
I0000405,O000067,P00388,5,4727.34,0
I0000406,O000159,P00391,1,647.76,0
I0000407,O001291,P00516,5,2127.23,10
I0000408,O000106,P00125,5,5335.71,20
I0000409,O000904,P00538,5,5997.85,0
I0000410,O000674,P00301,2,1760.92,25
I0000411,O000934,P00371,2,1013.0,0
I0000412,O000840,P00247,4,4417.79,5
I0000413,O000742,P00518,1,4636.55,15
I0000414,O000858,P00236,4,4005.07,25
I0000415,O000502,P00129,5,573.38,10
I0000416,O000534,P00142,5,811.3,5
I0000417,O000167,P00322,1,231.36,15
I0000418,O001013,P00152,5,822.83,25
I0000419,O000930,P00203,2,1086.43,0
I0000420,O001136,P00429,3,1736.31,10
I0000421,O000070,P00104,2,2645.49,0
I0000422,O000272,P00171,1,2587.09,15
I0000423,O000726,P00398,4,3386.72,20
I0000424,O000244,P00248,3,6449.48,25
I0000425,O001247,P00345,5,3081.85,20
I0000426,O000727,P00047,1,1780.15,10
I0000427,O000593,P00461,4,1019.48,20
I0000428,O001208,P00138,2,3857.78,15
I0000429,O000016,P00086,2,194.49,5
I0000430,O000657,P00465,4,3370.27,15
I0000431,O000476,P00287,1,4783.82,5
I0000432,O001061,P00050,5,7575.53,15
I0000433,O000585,P00521,4,2292.02,5
I0000434,O000086,P00183,2,3167.22,20
I0000435,O001064,P00216,4,2906.96,15
I0000436,O000712,P00322,1,219.48,0
I0000437,O000997,P00295,3,6974.02,0
I0000438,O001242,P00296,3,8142.45,0
I0000439,O000197,P00286,2,1473.2,25
I0000440,O000057,P00521,2,2563.96,0
I0000441,O001001,P00200,1,5101.21,0
I0000442,O000578,P00379,2,4540.71,15
I0000443,O001067,P00437,4,252.13,10
I0000444,O000246,P00303,1,3649.21,10
I0000445,O000178,P00506,3,4193.72,5
I0000446,O000162,P00120,3,258.58,0
I0000447,O000321,P00077,3,3530.86,5
I0000448,O001377,P00465,5,3838.04,20
I0000449,O000888,P00323,1,2837.02,20
I0000450,O000390,P00534,3,6149.99,20
I0000451,O000504,P00037,1,5185.45,10
I0000452,O000544,P00226,2,4843.42,10
I0000453,O000579,P00192,4,4087.94,20
I0000454,O000439,P00091,5,3358.27,0
I0000455,O001252,P00503,5,1730.37,0
I0000456,O000539,P00040,4,3121.97,20
I0000457,O000992,P00241,3,1593.6,0
I0000458,O000599,P00308,2,5599.45,10
I0000459,O000732,P00402,5,5914.11,5
I0000460,O000231,P00099,2,2350.01,25
I0000461,O000916,P00295,4,6649.41,20
I0000462,O000361,P00436,1,1213.82,5
I0000463,O000816,P00117,3,7310.49,25
I0000464,O001231,P00496,4,6405.97,0
I0000465,O000549,P00030,3,7317.35,25
I0000466,O001152,P00419,1,3539.0,5
I0000467,O000802,P00326,4,7449.84,10
I0000468,O000112,P00409,3,1226.33,20
I0000469,O001304,P00225,3,323.21,5
I0000470,O000454,P00459,4,1897.54,0
I0000471,O001281,P00549,2,2458.5,15
I0000472,O001239,P00338,2,191.53,20
I0000473,O000185,P00022,4,6474.33,5
I0000474,O000130,P00362,5,6772.67,15
I0000475,O001097,P00216,3,2805.12,0
I0000476,O000470,P00549,4,2668.05,0
I0000477,O000847,P00383,3,4135.6,20
I0000478,O000074,P00255,1,3359.69,25
I0000479,O001028,P00540,1,4263.34,10
I0000480,O000580,P00044,2,460.61,0
I0000481,O000558,P00254,1,4973.64,25
I0000482,O000269,P00387,4,4597.84,5
I0000483,O000152,P00087,1,3491.64,20
I0000484,O000031,P00426,1,7143.31,15
I0000485,O001205,P00156,1,3330.99,0
I0000486,O000871,P00320,3,5967.02,0
I0000487,O000940,P00310,3,2233.85,5
I0000488,O000597,P00483,4,4293.03,0
I0000489,O000571,P00417,5,4172.16,20
I0000490,O000501,P00547,5,5649.17,10
I0000491,O001120,P00404,3,2309.79,10
I0000492,O000051,P00230,5,3132.48,0
I0000493,O000977,P00458,3,2529.59,20
I0000494,O000295,P00319,3,1218.03,0
I0000495,O000347,P00098,5,1356.81,10
I0000496,O000290,P00256,1,3567.91,25
I0000497,O001161,P00485,5,310.17,0
I0000498,O000844,P00506,3,3384.04,5
I0000499,O000659,P00155,1,227.04,15
I0000500,O000550,P00417,1,4520.01,25
I0000501,O001024,P00501,5,2021.34,20
I0000502,O000945,P00242,3,2227.96,15
I0000503,O000872,P00084,1,1225.13,10
I0000504,O000332,P00131,1,2654.58,0
I0000505,O000897,P00171,2,2952.13,0
I0000506,O001015,P00040,4,2593.17,25
I0000507,O000287,P00538,4,7116.3,15
I0000508,O000019,P00429,4,1470.79,10
I0000509,O001071,P00302,3,5791.28,5
I0000510,O000595,P00170,2,2390.41,0
I0000511,O001239,P00381,5,4772.06,10
I0000512,O000278,P00216,3,2761.48,20
I0000513,O000651,P00486,1,1526.52,0
I0000514,O000012,P00482,1,2651.34,0
I0000515,O001102,P00205,1,7134.9,0
I0000516,O000960,P00063,5,879.75,0
I0000517,O000463,P00359,5,1830.45,0
I0000518,O000583,P00198,3,4662.25,25
I0000519,O000627,P00437,5,280.72,25
I0000520,O001150,P00413,3,141.24,20
I0000521,O001214,P00208,1,1747.32,20
I0000522,O000366,P00222,3,4931.68,0
I0000523,O001203,P00130,5,1939.43,10
I0000524,O001213,P00339,5,6408.03,25
I0000525,O000345,P00485,2,225.01,0
I0000526,O001260,P00222,1,4677.91,0
I0000527,O000663,P00487,1,5063.67,0
I0000528,O000901,P00141,5,5830.33,10
I0000529,O001025,P00335,3,1871.33,0
I0000530,O000790,P00403,4,2806.24,5
I0000531,O000650,P00320,5,6010.56,15
I0000532,O001298,P00220,2,4495.03,20
I0000533,O001148,P00147,4,3322.74,20
I0000534,O001143,P00257,1,6075.04,20
I0000535,O000052,P00357,2,2798.54,25
I0000536,O000869,P00478,3,5359.79,15
I0000537,O000767,P00196,4,3187.23,20
I0000538,O000906,P00011,2,337.87,0
I0000539,O000636,P00006,5,4741.13,5
I0000540,O000027,P00260,5,2545.87,0
I0000541,O000816,P00282,4,2811.63,20
I0000542,O001281,P00260,3,2009.17,15
I0000543,O001245,P00032,4,5536.93,10
I0000544,O001327,P00178,4,7964.12,25
I0000545,O000757,P00107,1,2356.3,20
I0000546,O000270,P00157,2,4556.67,25
I0000547,O000909,P00123,1,1391.42,0
I0000548,O001115,P00322,1,218.77,25
I0000549,O000035,P00199,5,4943.44,20
I0000550,O001202,P00325,2,1756.45,5
I0000551,O001361,P00529,1,513.82,25
I0000552,O000396,P00063,1,957.95,15
I0000553,O000172,P00152,3,679.05,0
I0000554,O000407,P00283,5,6972.41,10
I0000555,O000638,P00178,1,6583.51,5
I0000556,O000955,P00121,3,4573.74,20
I0000557,O000949,P00089,5,5726.67,0
I0000558,O000381,P00187,1,6562.38,20
I0000559,O000022,P00021,2,2194.03,5
I0000560,O000506,P00472,1,3608.75,20
I0000561,O000636,P00196,2,3003.41,20
I0000562,O000572,P00294,2,1930.9,5
I0000563,O000386,P00424,2,6693.7,0
I0000564,O000532,P00182,3,6631.38,5
I0000565,O000728,P00095,4,6260.58,5
I0000566,O001293,P00536,4,4782.05,0
I0000567,O000790,P00038,5,3682.3,15
I0000568,O000711,P00216,4,3376.2,20
I0000569,O000701,P00296,2,7983.31,15
I0000570,O001052,P00276,1,6479.06,5
I0000571,O000535,P00224,4,365.47,0
I0000572,O000974,P00530,2,1484.87,15
I0000573,O001155,P00331,3,477.66,15
I0000574,O000215,P00035,3,3801.76,25
I0000575,O000864,P00009,2,3484.92,5
I0000576,O000734,P00103,2,6852.34,10
I0000577,O000900,P00191,1,5715.73,10
I0000578,O000970,P00446,4,6089.9,5
I0000579,O000692,P00383,5,4633.87,10
I0000580,O000480,P00308,1,5799.25,15
I0000581,O000873,P00111,4,5414.33,15
I0000582,O000059,P00411,5,5816.64,0
I0000583,O001074,P00308,5,4614.05,15
I0000584,O001359,P00143,2,2729.22,0
I0000585,O000290,P00093,3,4565.02,10
I0000586,O000944,P00406,2,3802.55,0
I0000587,O000618,P00206,2,6689.05,0
I0000588,O000895,P00242,2,1719.1,0
I0000589,O000767,P00158,5,5453.79,0
I0000590,O000965,P00353,1,774.91,10
I0000591,O001369,P00218,4,2557.53,10
I0000592,O000794,P00249,1,634.69,25
I0000593,O000670,P00137,4,4870.33,25
I0000594,O000807,P00435,5,5810.58,5
I0000595,O000056,P00501,5,1941.54,15
I0000596,O000756,P00183,2,2658.81,15
I0000597,O001228,P00002,5,3324.89,0
I0000598,O001024,P00236,2,3930.0,0
I0000599,O000191,P00310,4,2372.71,20
I0000600,O000309,P00185,4,1323.32,10
I0000601,O000535,P00493,1,6108.87,10
I0000602,O000816,P00184,2,1710.83,25
I0000603,O000170,P00109,4,4980.7,20
I0000604,O000026,P00104,4,2017.25,0
I0000605,O000932,P00520,4,1142.27,20
I0000606,O000112,P00412,4,1663.31,5
I0000607,O000923,P00119,5,6980.05,25
I0000608,O001096,P00485,3,333.9,0
I0000609,O001089,P00184,4,1760.11,25
I0000610,O000015,P00082,2,6633.2,20
I0000611,O001055,P00265,2,5557.77,20
I0000612,O000100,P00466,4,2046.5,0
I0000613,O000943,P00125,4,4844.53,15
I0000614,O000872,P00379,3,3607.9,5
I0000615,O000548,P00025,5,1526.24,5
I0000616,O000915,P00428,1,3245.92,20
I0000617,O000229,P00037,5,5720.21,0
I0000618,O000510,P00545,4,4645.44,15
I0000619,O000297,P00097,2,4202.11,10
I0000620,O000939,P00282,3,3699.0,0
I0000621,O000939,P00537,5,4762.71,5
I0000622,O000301,P00382,1,5059.18,20
I0000623,O001050,P00104,4,2782.16,0
I0000624,O000866,P00346,3,4662.07,0
I0000625,O000888,P00264,1,8578.87,25
I0000626,O000535,P00197,5,4868.1,15
I0000627,O000500,P00527,5,4441.08,0
I0000628,O000969,P00384,5,653.0,10
I0000629,O000567,P00282,2,3441.17,0
I0000630,O001389,P00409,2,1235.31,0
I0000631,O000039,P00417,2,4674.0,20
I0000632,O000547,P00133,3,7161.4,25
I0000633,O000454,P00326,1,5900.46,20
I0000634,O000131,P00333,2,3434.21,20
I0000635,O000862,P00472,5,4120.08,5
I0000636,O001143,P00399,4,1088.55,5
I0000637,O000911,P00328,3,696.18,25
I0000638,O001091,P00511,2,362.85,20
I0000639,O000826,P00400,3,4595.65,25
I0000640,O001150,P00081,4,4760.05,0
I0000641,O000757,P00213,5,4806.6,25
I0000642,O001382,P00323,4,3332.64,0
I0000643,O000721,P00171,5,2638.52,10
I0000644,O001140,P00024,3,8116.28,0
I0000645,O000270,P00385,5,3704.1,25
I0000646,O000811,P00127,1,5283.01,0
I0000647,O000326,P00297,2,1240.28,20
I0000648,O000837,P00411,5,6321.96,0
I0000649,O000572,P00429,5,1485.3,5
I0000650,O001029,P00109,3,5382.63,10
I0000651,O001014,P00231,4,2019.21,5
I0000652,O000364,P00461,2,887.28,0
I0000653,O000951,P00546,3,5565.76,20
I0000654,O001189,P00101,4,746.22,10
I0000655,O001304,P00421,2,3520.74,0
I0000656,O001270,P00142,5,726.42,0
I0000657,O000666,P00419,1,3332.18,0
I0000658,O000759,P00484,1,5575.12,15
I0000659,O001048,P00399,5,1548.77,25
I0000660,O000756,P00166,4,3033.59,0
I0000661,O000410,P00180,4,6747.13,5
I0000662,O000424,P00067,1,4404.02,10
I0000663,O000909,P00251,5,2838.68,25
I0000664,O001025,P00182,4,6493.28,25
I0000665,O000502,P00340,2,5162.71,0
I0000666,O001397,P00008,1,6634.78,25
I0000667,O000790,P00533,4,5028.14,10
I0000668,O000248,P00267,5,5823.59,15
I0000669,O000899,P00547,1,5882.49,20
I0000670,O000816,P00062,3,7506.49,20
I0000671,O000819,P00041,3,1761.06,15
I0000672,O000255,P00451,4,3707.5,25
I0000673,O000229,P00269,5,4673.82,5
I0000674,O000291,P00423,3,1682.02,25
I0000675,O000542,P00495,2,1803.0,20
I0000676,O001007,P00076,4,7985.37,25
I0000677,O000605,P00267,3,5766.55,5
I0000678,O001164,P00462,3,1213.26,0
I0000679,O001069,P00144,2,5106.54,0
I0000680,O000743,P00380,5,6275.69,5
I0000681,O001299,P00163,5,541.07,20
I0000682,O000317,P00451,3,4835.65,20
I0000683,O001245,P00132,2,6571.52,10
I0000684,O000058,P00264,2,8248.35,15
I0000685,O001197,P00311,2,5257.57,5
I0000686,O000832,P00521,5,2444.15,0
I0000687,O001203,P00353,2,866.93,5
I0000688,O000775,P00536,3,5099.49,10
I0000689,O000988,P00174,5,5341.19,10
I0000690,O000702,P00015,1,3038.88,0
I0000691,O000570,P00230,2,3408.57,20
I0000692,O000731,P00123,2,1318.25,15
I0000693,O000468,P00013,5,2079.19,5
I0000694,O001283,P00034,4,1240.01,5
I0000695,O000556,P00520,1,1449.87,15
I0000696,O000915,P00082,1,7284.81,0
I0000697,O000375,P00251,3,2553.82,20
I0000698,O000935,P00251,2,2067.43,15
I0000699,O000569,P00273,5,3592.54,0
I0000700,O001071,P00066,2,2237.7,0
I0000701,O001200,P00234,2,3357.55,10
I0000702,O001100,P00476,1,6501.93,0
I0000703,O000403,P00327,1,1282.03,10
I0000704,O000405,P00086,4,157.47,15
I0000705,O000998,P00221,5,3343.3,0
I0000706,O000907,P00441,1,7094.21,0
I0000707,O000516,P00468,1,6851.95,15
I0000708,O001293,P00278,4,4987.59,15
I0000709,O000582,P00495,5,2537.49,5
I0000710,O000510,P00271,5,1666.28,20
I0000711,O001282,P00516,3,2036.91,25
I0000712,O000014,P00187,4,6567.22,15
I0000713,O000335,P00482,4,2498.76,25
I0000714,O000194,P00443,3,8630.08,10
I0000715,O000375,P00351,5,6062.06,0
I0000716,O000630,P00238,2,1639.86,5
I0000717,O000211,P00544,4,5273.87,15
I0000718,O001377,P00216,5,2749.18,0
I0000719,O000352,P00197,4,4636.38,15
I0000720,O001058,P00161,3,1364.93,20
I0000721,O000469,P00427,3,2974.47,10
I0000722,O000297,P00311,3,6026.23,20
I0000723,O000922,P00363,3,1510.54,15
I0000724,O000012,P00403,4,2864.29,10
I0000725,O000725,P00057,4,7274.48,0
I0000726,O000040,P00468,3,7011.08,0
I0000727,O000604,P00214,3,3020.47,0
I0000728,O000784,P00330,4,4673.76,15
I0000729,O001265,P00205,2,7263.61,25
I0000730,O000153,P00281,1,2079.03,5
I0000731,O000963,P00492,5,4465.16,0
I0000732,O000512,P00400,4,5156.18,15
I0000733,O000208,P00385,1,3202.14,5
I0000734,O000757,P00283,5,6322.57,5
I0000735,O000276,P00114,4,2092.27,0
I0000736,O000311,P00333,4,3779.51,15
I0000737,O000410,P00307,5,3169.55,10
I0000738,O001173,P00252,3,2928.58,20
I0000739,O001088,P00267,5,6041.27,20
I0000740,O000140,P00023,2,2145.41,20
I0000741,O000914,P00322,3,263.9,0
I0000742,O000960,P00189,3,5573.54,5
I0000743,O001388,P00342,2,926.22,5
I0000744,O000048,P00262,5,6116.54,20
I0000745,O000812,P00421,4,4869.02,25
I0000746,O000124,P00050,5,7616.53,15
I0000747,O001159,P00383,1,4549.22,0
I0000748,O001104,P00517,3,5740.27,15
I0000749,O000155,P00342,1,799.62,15
I0000750,O000325,P00116,5,7769.21,25
I0000751,O000960,P00090,5,246.49,0
I0000752,O000568,P00075,4,1991.39,20
I0000753,O000150,P00156,3,2602.26,15
I0000754,O001081,P00348,4,203.08,20
I0000755,O000823,P00443,1,7595.88,0
I0000756,O000018,P00400,1,5032.0,10
I0000757,O000457,P00155,3,218.2,25
I0000758,O000938,P00335,5,1799.2,0
I0000759,O000313,P00364,5,3397.33,0
I0000760,O000372,P00212,3,2526.6,15
I0000761,O001107,P00041,2,1522.43,0
I0000762,O000472,P00336,3,1168.87,0
I0000763,O000869,P00311,2,7815.55,0
I0000764,O000056,P00223,3,2114.7,10
I0000765,O000053,P00127,4,5820.39,20
I0000766,O000101,P00214,4,2609.14,10
I0000767,O000780,P00204,2,463.04,0
I0000768,O001038,P00096,2,1060.18,20
I0000769,O000334,P00529,1,589.39,0
I0000770,O000734,P00501,5,2402.95,5
I0000771,O000431,P00426,2,7774.91,25
I0000772,O000979,P00520,3,1280.65,0
I0000773,O000015,P00468,1,5920.3,10
I0000774,O000727,P00410,1,1890.92,5
I0000775,O001336,P00067,4,3930.9,20
I0000776,O000966,P00087,4,2810.38,5
I0000777,O000289,P00332,1,6239.02,0
I0000778,O001063,P00010,2,1857.66,20
I0000779,O000126,P00482,1,2977.46,0
I0000780,O001265,P00301,3,1895.79,0
I0000781,O000358,P00430,2,6941.01,0
I0000782,O000225,P00186,3,355.17,0
I0000783,O000627,P00510,2,2378.0,5
I0000784,O000658,P00272,5,1104.62,0
I0000785,O000964,P00340,1,4265.31,25
I0000786,O000096,P00148,4,888.28,25
I0000787,O000324,P00538,2,5436.56,5
I0000788,O000860,P00229,1,1556.02,0
I0000789,O000851,P00488,4,7768.1,15
I0000790,O001236,P00451,2,4951.43,0
I0000791,O000962,P00319,4,1256.99,5
I0000792,O001345,P00132,3,7281.48,15
I0000793,O001010,P00099,4,2180.12,25
I0000794,O000450,P00201,2,932.61,25
I0000795,O001351,P00147,2,2833.57,0
I0000796,O001260,P00414,3,1620.84,0
I0000797,O001351,P00257,2,4820.85,20
I0000798,O001065,P00474,5,351.74,5
I0000799,O000865,P00135,3,5606.92,0
I0000800,O001295,P00036,4,1916.48,0
I0000801,O000293,P00187,1,7460.39,25
I0000802,O000813,P00244,2,4204.39,15
I0000803,O000705,P00493,4,4517.36,25
I0000804,O000440,P00416,4,1413.76,5
I0000805,O000573,P00451,1,4680.07,15
I0000806,O000382,P00346,3,4379.6,25
I0000807,O000935,P00500,5,3893.93,20
I0000808,O000539,P00351,5,5701.48,5
I0000809,O001113,P00437,1,252.14,0
I0000810,O000247,P00469,1,426.06,5
I0000811,O000629,P00130,3,1798.44,15
I0000812,O000374,P00085,5,596.13,15
I0000813,O001394,P00200,2,4001.46,0
I0000814,O001077,P00204,3,464.95,0
I0000815,O000097,P00544,5,5500.78,5
I0000816,O000342,P00236,5,4264.99,0
I0000817,O000464,P00170,5,2693.55,25
I0000818,O001249,P00156,5,2891.32,0
I0000819,O000821,P00286,1,1533.05,15
I0000820,O000959,P00432,4,4167.09,20
I0000821,O000154,P00308,1,4725.01,15
I0000822,O001256,P00320,2,6160.9,0
I0000823,O000288,P00061,4,1758.18,25
I0000824,O000802,P00165,2,4116.64,20
I0000825,O001212,P00430,4,5184.84,25
I0000826,O000464,P00359,1,2313.16,5
I0000827,O000253,P00144,4,6082.91,15
I0000828,O000909,P00156,2,2555.43,5
I0000829,O001305,P00336,1,931.03,5
I0000830,O001288,P00537,1,6064.59,0
I0000831,O000256,P00449,3,3220.65,15
I0000832,O000145,P00466,2,2391.46,25
I0000833,O000084,P00350,3,4529.83,5
I0000834,O000873,P00116,4,7176.2,20
I0000835,O000461,P00499,3,3836.56,0
I0000836,O001362,P00372,2,3218.92,20
I0000837,O000117,P00443,4,7782.69,25
I0000838,O000516,P00287,3,5497.89,5
I0000839,O000731,P00430,3,4924.16,0
I0000840,O001200,P00498,2,1930.0,15
I0000841,O000213,P00445,3,8749.11,25
I0000842,O001243,P00500,5,4148.57,10
I0000843,O000087,P00532,4,7174.42,15
I0000844,O000195,P00101,5,595.56,25
I0000845,O001189,P00245,3,3225.28,15
I0000846,O000082,P00432,4,4212.64,25
I0000847,O001175,P00451,4,5046.57,0
I0000848,O001371,P00409,4,1572.21,0
I0000849,O001292,P00186,1,375.48,0
I0000850,O000059,P00300,4,5781.81,25
I0000851,O001399,P00260,3,2289.29,0
I0000852,O000098,P00284,4,3124.45,20
I0000853,O000429,P00270,2,2328.85,25
I0000854,O000714,P00330,4,5588.71,0
I0000855,O000684,P00512,1,519.66,15
I0000856,O000627,P00234,3,2554.68,20
I0000857,O000641,P00093,4,4272.22,20
I0000858,O000415,P00191,4,4607.79,20
I0000859,O000691,P00498,3,2170.52,5
I0000860,O000662,P00164,2,1739.02,0
I0000861,O001316,P00318,5,2675.85,25
I0000862,O001267,P00183,4,3034.01,0
I0000863,O001225,P00096,1,1060.69,20
I0000864,O000299,P00415,3,3048.46,15
I0000865,O000273,P00363,4,1911.89,0
I0000866,O001168,P00301,5,2332.17,5
I0000867,O000084,P00231,4,1644.99,0
I0000868,O001013,P00281,1,2061.72,20
I0000869,O000463,P00225,2,279.84,25
I0000870,O000026,P00222,2,5005.46,0
I0000871,O000849,P00495,4,2197.79,15
I0000872,O000382,P00197,4,4629.14,15
I0000873,O000793,P00410,5,2200.46,20
I0000874,O000884,P00373,3,4892.25,0
I0000875,O000732,P00328,5,672.0,20
I0000876,O000506,P00138,3,3698.0,15
I0000877,O001040,P00132,1,7764.15,15
I0000878,O001238,P00322,1,214.0,5
I0000879,O000552,P00230,4,3363.64,0
I0000880,O000897,P00472,5,3904.85,10
I0000881,O000046,P00067,2,4373.87,15
I0000882,O000977,P00059,3,3359.99,0
I0000883,O000134,P00066,3,2871.26,5
I0000884,O001225,P00259,1,2243.33,20
I0000885,O000441,P00137,4,4473.34,5
I0000886,O000477,P00312,3,5668.37,15
I0000887,O001106,P00417,2,5006.86,15
I0000888,O001249,P00323,1,2772.9,25
I0000889,O000246,P00367,5,4186.65,0
I0000890,O000848,P00066,5,2653.24,20
I0000891,O001232,P00200,2,4995.37,0
I0000892,O001330,P00186,1,373.3,20
I0000893,O000183,P00123,3,1104.79,10
I0000894,O000781,P00397,4,4080.78,0
I0000895,O000197,P00352,2,4795.14,0
I0000896,O001024,P00441,3,5340.29,5
I0000897,O000465,P00412,2,1698.15,20
I0000898,O000926,P00084,3,1248.98,15
I0000899,O001242,P00264,1,5962.65,15
I0000900,O000196,P00061,3,1778.46,15
I0000901,O000670,P00013,1,1808.71,0
I0000902,O000354,P00384,1,645.12,15
I0000903,O001097,P00511,2,298.38,5
I0000904,O001229,P00100,2,1987.52,0
I0000905,O001040,P00452,2,950.08,25
I0000906,O001275,P00456,1,5219.06,15
I0000907,O000597,P00124,3,3627.24,20
I0000908,O001062,P00185,5,1255.23,0
I0000909,O001236,P00510,2,2132.25,15
I0000910,O001349,P00346,4,4948.0,10
I0000911,O001370,P00459,1,1884.23,5
I0000912,O000290,P00253,3,3484.49,25
I0000913,O000828,P00503,2,1599.56,0
I0000914,O000203,P00492,5,4307.44,0
I0000915,O001154,P00329,5,2026.98,15
I0000916,O001119,P00535,4,591.58,5
I0000917,O000918,P00329,2,2175.31,5
I0000918,O000892,P00437,4,281.88,10
I0000919,O000214,P00025,4,1626.26,10
I0000920,O001020,P00399,3,1618.46,25
I0000921,O001081,P00295,1,8095.91,0
I0000922,O001204,P00092,3,267.57,15
I0000923,O000099,P00178,3,7337.86,0
I0000924,O000386,P00311,4,6145.21,15
I0000925,O001042,P00054,4,5686.01,0
I0000926,O001395,P00521,3,2663.41,0
I0000927,O000381,P00102,4,4057.87,20
I0000928,O000417,P00328,1,807.32,15
I0000929,O000782,P00016,1,1699.64,20
I0000930,O000010,P00120,3,273.66,20
I0000931,O000799,P00339,2,6953.67,5
I0000932,O000320,P00412,1,1546.82,0
I0000933,O001394,P00265,4,5079.03,25
I0000934,O001339,P00318,2,2859.94,5
I0000935,O000852,P00420,1,2396.5,10
I0000936,O001000,P00285,2,5267.76,0
I0000937,O000920,P00405,1,1754.69,20
I0000938,O001306,P00229,1,1101.0,0
I0000939,O000376,P00501,1,2217.03,0
I0000940,O000584,P00263,4,1143.98,5
I0000941,O000245,P00268,1,3569.94,0
I0000942,O001020,P00089,5,6035.54,15
I0000943,O000981,P00037,4,5118.64,0
I0000944,O000378,P00039,4,3527.78,20
I0000945,O000893,P00070,2,4596.76,10
I0000946,O001223,P00147,4,3768.39,20
I0000947,O000431,P00516,2,2274.72,0
I0000948,O000700,P00015,2,3905.76,5
I0000949,O000947,P00180,3,6392.52,20
I0000950,O000779,P00058,4,2147.52,5
I0000951,O000462,P00518,1,3816.36,0
I0000952,O000052,P00344,4,7605.26,0
I0000953,O001083,P00252,5,2630.98,0
I0000954,O000651,P00147,5,2798.9,20
I0000955,O001061,P00067,4,4329.99,15
I0000956,O000759,P00174,3,5004.92,0
I0000957,O000781,P00240,1,1201.86,0
I0000958,O000246,P00397,5,4323.82,25
I0000959,O001118,P00037,5,5032.69,20
I0000960,O001321,P00488,5,6489.56,20
I0000961,O000487,P00397,4,4060.3,15
I0000962,O001304,P00257,3,5143.23,0
I0000963,O000738,P00466,5,1846.46,5
I0000964,O000527,P00179,4,2617.81,5
I0000965,O000615,P00022,4,4992.34,10
I0000966,O000465,P00421,5,5183.82,0
I0000967,O000832,P00362,2,6176.28,10
I0000968,O000910,P00472,4,4616.72,10
I0000969,O000668,P00373,3,5501.44,0
I0000970,O000504,P00543,2,5288.61,0
I0000971,O000745,P00200,5,5223.4,15
I0000972,O001319,P00419,3,2945.42,10
I0000973,O000223,P00145,4,2829.63,10
I0000974,O000845,P00308,5,4304.33,0
I0000975,O000321,P00346,5,5164.86,15
I0000976,O000908,P00443,2,5970.63,0
I0000977,O001367,P00396,5,4602.82,20
I0000978,O001178,P00160,4,5761.37,0
I0000979,O000649,P00155,4,208.43,25
I0000980,O000648,P00134,4,353.59,25
I0000981,O001385,P00544,1,4119.44,0
I0000982,O000018,P00088,1,5466.12,25
I0000983,O000185,P00055,3,6355.61,5
I0000984,O000437,P00208,2,1873.26,0
I0000985,O000647,P00372,5,3333.66,25
I0000986,O000694,P00458,4,2668.2,5
I0000987,O001151,P00311,1,5643.63,0
I0000988,O000243,P00168,4,4560.47,15
I0000989,O001151,P00420,2,2166.29,10
I0000990,O000233,P00288,2,5103.81,0
I0000991,O000081,P00456,1,5466.92,10
I0000992,O000977,P00485,4,243.86,0
I0000993,O001198,P00372,4,3318.77,10
I0000994,O001376,P00021,4,2539.59,5
I0000995,O000142,P00088,3,4075.46,15
I0000996,O000307,P00308,4,4430.43,25
I0000997,O000599,P00202,3,5393.64,25
I0000998,O001235,P00086,3,223.73,10
I0000999,O001209,P00017,5,2987.09,0
I0001000,O000394,P00374,3,7202.33,15
I0001001,O000653,P00025,4,2035.58,0
I0001002,O000539,P00245,3,2955.35,10
I0001003,O000559,P00346,1,5340.3,25
I0001004,O000682,P00470,1,1239.54,0
I0001005,O000040,P00011,5,329.53,0
I0001006,O000796,P00482,4,2334.97,20
I0001007,O000688,P00277,4,3900.74,15
I0001008,O000701,P00435,4,4889.33,5
I0001009,O000396,P00268,5,3709.95,5
I0001010,O001376,P00086,4,156.33,20
I0001011,O000233,P00327,5,1046.51,0
I0001012,O000153,P00110,2,3317.0,0
I0001013,O000486,P00158,5,7559.02,25
I0001014,O000028,P00078,1,1498.71,5
I0001015,O001194,P00073,2,4543.24,25
I0001016,O001362,P00472,3,3292.96,0
I0001017,O000409,P00058,2,2910.44,0
I0001018,O000188,P00191,1,4077.08,25
I0001019,O000103,P00239,2,4761.04,10
I0001020,O000395,P00329,5,1949.02,0
I0001021,O000382,P00508,5,3780.51,20
I0001022,O000379,P00063,4,850.3,0
I0001023,O000540,P00181,2,2165.37,15
I0001024,O000156,P00194,1,4725.14,25
I0001025,O000333,P00330,2,4812.39,25
I0001026,O000845,P00304,5,4799.87,5
I0001027,O000514,P00224,4,508.13,20
I0001028,O000015,P00247,5,4965.75,20
I0001029,O000331,P00258,3,3481.22,0
I0001030,O000124,P00506,3,3835.53,25
I0001031,O001381,P00441,1,7061.1,20
I0001032,O001382,P00457,1,4419.83,15
I0001033,O001389,P00371,5,1295.04,15
I0001034,O000924,P00269,3,4049.01,25
I0001035,O001024,P00492,3,3479.27,10
I0001036,O000390,P00321,5,409.13,0
I0001037,O000840,P00044,3,493.32,10
I0001038,O000950,P00333,4,3772.58,10
I0001039,O000291,P00464,2,4462.85,10
I0001040,O000286,P00430,1,6591.09,10
I0001041,O000749,P00153,4,649.96,25
I0001042,O001215,P00177,2,4307.23,0
I0001043,O000802,P00098,1,1519.43,5
I0001044,O000045,P00346,2,4849.63,0
I0001045,O000569,P00311,5,5821.12,10
I0001046,O000892,P00512,4,651.25,0
I0001047,O000724,P00500,1,4329.91,0
I0001048,O001245,P00332,4,5016.17,0
I0001049,O000444,P00532,4,6663.39,0
I0001050,O000694,P00316,2,6531.3,20
I0001051,O000250,P00440,5,5947.71,15
I0001052,O000765,P00289,3,5240.55,25
I0001053,O001158,P00132,3,8515.45,0
I0001054,O000758,P00019,4,1115.89,0
I0001055,O000641,P00335,2,1785.81,10
I0001056,O000698,P00288,5,4937.79,5
I0001057,O000660,P00200,2,5009.52,15
I0001058,O001249,P00235,5,5939.07,25
I0001059,O001154,P00256,4,3666.72,0
I0001060,O000196,P00321,5,437.79,0
I0001061,O001084,P00330,1,5005.86,15
I0001062,O000921,P00273,1,4104.81,0
I0001063,O000746,P00283,2,7384.88,0
I0001064,O000458,P00486,2,1663.46,5
I0001065,O000989,P00365,5,2358.06,25
I0001066,O000993,P00280,3,1045.85,15
I0001067,O001323,P00550,2,927.64,15
I0001068,O000125,P00124,3,4707.47,0
I0001069,O000579,P00537,5,5247.2,10
I0001070,O000611,P00434,1,4997.31,0
I0001071,O000060,P00304,1,5077.49,25
I0001072,O000755,P00432,1,4423.76,0
I0001073,O001138,P00458,4,2128.73,10
I0001074,O000561,P00322,1,235.92,0
I0001075,O000334,P00465,3,3574.67,5
I0001076,O000108,P00018,1,4707.02,15
I0001077,O000291,P00489,3,948.57,20
I0001078,O000053,P00385,5,4094.16,20
I0001079,O000365,P00332,4,5097.87,25
I0001080,O000664,P00036,3,2400.83,15
I0001081,O000115,P00041,5,1765.05,20
I0001082,O000131,P00136,4,4379.48,0
I0001083,O001071,P00156,1,2580.44,20
I0001084,O000738,P00241,1,1871.87,5
I0001085,O000704,P00084,4,1248.55,10
I0001086,O000128,P00411,5,6786.04,20
I0001087,O001123,P00406,2,5364.75,25
I0001088,O000326,P00213,4,4412.77,25
I0001089,O000491,P00268,2,3065.52,20
I0001090,O001317,P00025,1,1991.5,0
I0001091,O000087,P00491,1,2943.9,0
I0001092,O001026,P00157,2,5074.37,10
I0001093,O001045,P00406,1,5255.84,10
I0001094,O001127,P00025,4,1448.64,0
I0001095,O000471,P00037,2,6267.41,0
I0001096,O001192,P00358,1,2246.15,15
I0001097,O000436,P00169,4,3012.31,0
I0001098,O001140,P00289,3,4432.52,10
I0001099,O001245,P00164,2,1946.35,0
I0001100,O000805,P00335,3,1436.83,5
I0001101,O000913,P00463,1,2538.35,20
I0001102,O000420,P00525,4,1021.37,0
I0001103,O000422,P00397,1,3329.72,15
I0001104,O001215,P00306,2,5405.98,5
I0001105,O001327,P00475,1,6751.18,15
I0001106,O001047,P00259,2,1822.73,0
I0001107,O000684,P00222,2,4808.36,20
I0001108,O000938,P00398,3,4750.64,15
I0001109,O000984,P00170,4,2426.01,5
I0001110,O001263,P00255,1,2488.06,0
I0001111,O000103,P00032,5,6010.06,5
I0001112,O000912,P00001,3,1368.97,15
I0001113,O000110,P00164,1,2042.77,20
I0001114,O000764,P00196,4,3036.71,10
I0001115,O000072,P00023,3,2166.19,5
I0001116,O000936,P00146,3,185.58,25
I0001117,O001304,P00210,1,4834.54,20
I0001118,O000358,P00032,4,4237.18,0
I0001119,O001188,P00241,4,1697.17,5
I0001120,O001154,P00277,1,4086.86,20
I0001121,O000134,P00157,2,5245.19,10
I0001122,O001019,P00031,1,5759.39,10
I0001123,O000028,P00423,2,1487.88,0
I0001124,O000577,P00065,3,7469.03,0
I0001125,O001375,P00274,1,3795.97,25
I0001126,O000918,P00193,2,2231.18,20
I0001127,O000892,P00046,5,421.57,20
I0001128,O000097,P00501,2,1998.19,0
I0001129,O000968,P00377,4,421.31,5
I0001130,O001108,P00381,5,4548.33,20
I0001131,O000357,P00356,4,2801.43,5
I0001132,O000599,P00479,3,873.08,20
I0001133,O000836,P00507,5,2510.42,10
I0001134,O000519,P00089,5,7911.33,5
I0001135,O000924,P00368,4,2091.91,25
I0001136,O000704,P00169,1,3507.91,25
I0001137,O000700,P00149,5,1527.13,25
I0001138,O000286,P00164,5,2568.27,25
I0001139,O000168,P00211,4,1977.79,0
I0001140,O000086,P00514,5,7555.77,15
I0001141,O001128,P00005,3,7824.71,0
I0001142,O001002,P00233,3,4104.07,20
I0001143,O000809,P00383,5,4709.58,25
I0001144,O001182,P00403,2,2438.01,10
I0001145,O001312,P00109,2,5612.48,0
I0001146,O001034,P00193,1,2222.91,10
I0001147,O000628,P00148,1,784.17,10
I0001148,O001110,P00311,2,6893.79,25
I0001149,O000034,P00196,1,2970.88,0
I0001150,O001394,P00213,2,4321.16,5
I0001151,O000865,P00464,1,4800.29,20
I0001152,O001224,P00413,1,127.86,10
I0001153,O000623,P00384,2,715.88,15
I0001154,O001216,P00490,5,403.24,10
I0001155,O000655,P00033,4,1148.68,5
I0001156,O001104,P00485,4,311.2,10
I0001157,O000056,P00360,4,4329.69,10
I0001158,O000517,P00089,4,6976.05,0
I0001159,O000932,P00252,1,2736.83,5
I0001160,O000962,P00248,5,5614.69,5
I0001161,O001257,P00463,2,2350.4,0
I0001162,O001383,P00132,5,7971.93,15
I0001163,O001029,P00456,1,5583.74,5
I0001164,O001339,P00398,5,4336.9,5
I0001165,O001006,P00121,5,3871.6,10
I0001166,O000082,P00301,2,1797.98,5
I0001167,O000318,P00437,1,352.02,0
I0001168,O000996,P00204,4,402.05,10
I0001169,O000090,P00181,4,2325.34,0
I0001170,O001011,P00349,5,3002.49,10
I0001171,O000337,P00119,1,5967.78,20
I0001172,O001017,P00025,4,1657.9,20
I0001173,O001076,P00441,1,7401.47,5
I0001174,O000971,P00109,4,4316.79,10
I0001175,O000134,P00433,1,6248.09,20
I0001176,O000822,P00367,4,3783.01,0
I0001177,O000050,P00141,1,5197.13,15
I0001178,O000914,P00192,2,5100.57,15
I0001179,O000539,P00383,5,4625.14,25
I0001180,O000847,P00190,5,5216.81,0
I0001181,O000302,P00238,2,1507.82,20
I0001182,O000762,P00401,1,4555.93,25
I0001183,O001075,P00013,1,2021.96,15
I0001184,O000622,P00544,1,5658.18,0
I0001185,O000984,P00328,2,906.3,0
I0001186,O000981,P00487,4,5395.93,0
I0001187,O001298,P00398,5,4182.01,25
I0001188,O001367,P00073,2,3679.67,15
I0001189,O000979,P00149,1,1511.0,0
I0001190,O001284,P00169,2,3853.7,25
I0001191,O000538,P00371,2,1053.08,25
I0001192,O000657,P00443,1,8203.3,0
I0001193,O000801,P00198,3,4049.17,25
I0001194,O000982,P00231,2,1915.25,25
I0001195,O001324,P00522,4,7886.35,20
I0001196,O001227,P00162,2,2118.7,10
I0001197,O001229,P00077,4,2860.27,0
I0001198,O001314,P00087,2,2843.98,5
I0001199,O000952,P00403,3,2748.09,5
I0001200,O001240,P00311,5,6080.72,5
I0001201,O000999,P00482,5,2736.5,25
I0001202,O000691,P00141,4,5026.44,10
I0001203,O001059,P00351,5,7230.4,0
I0001204,O000556,P00258,3,4847.12,15
I0001205,O000642,P00526,2,7369.53,5
I0001206,O000392,P00246,5,2524.83,5
I0001207,O001061,P00197,3,4349.88,5
I0001208,O000869,P00271,5,1900.12,0
I0001209,O000390,P00143,3,3143.27,5
I0001210,O000948,P00329,2,2032.23,0
I0001211,O001308,P00121,3,4001.8,15
I0001212,O001327,P00346,2,5456.0,5
I0001213,O000992,P00252,4,3124.6,15
I0001214,O000700,P00471,5,6238.8,15
I0001215,O000255,P00074,3,4514.84,25
I0001216,O000137,P00403,1,2269.81,5
I0001217,O001128,P00507,4,2747.87,5
I0001218,O000862,P00524,5,6257.12,0
I0001219,O001220,P00438,4,2256.99,10
I0001220,O000245,P00397,3,3238.28,0
I0001221,O000085,P00371,1,1245.97,5
I0001222,O001097,P00111,5,4427.41,25
I0001223,O000420,P00099,4,1617.96,20
I0001224,O000229,P00062,1,6204.14,15
I0001225,O000881,P00284,3,3011.77,0
I0001226,O000725,P00274,5,4746.33,0
I0001227,O001197,P00024,5,6852.32,0
I0001228,O000417,P00176,4,4647.98,0
I0001229,O001170,P00165,1,4048.89,5
I0001230,O000196,P00498,1,1737.56,10
I0001231,O000942,P00227,2,7288.98,0
I0001232,O000220,P00226,3,3927.82,20
I0001233,O001188,P00316,4,7103.46,25
I0001234,O000438,P00396,4,4729.61,25
I0001235,O000910,P00084,4,1108.6,20
I0001236,O000779,P00394,5,425.73,25
I0001237,O001379,P00279,2,4138.01,25
I0001238,O000660,P00537,3,4716.21,15
I0001239,O001243,P00398,4,3510.92,0
I0001240,O001400,P00080,5,7065.07,25
I0001241,O000447,P00414,2,1781.74,10
I0001242,O000596,P00281,2,2686.4,10
I0001243,O001154,P00481,1,973.64,20
I0001244,O000045,P00067,4,4081.56,5
I0001245,O000042,P00369,4,641.74,20
I0001246,O000184,P00457,4,5158.78,5
I0001247,O000751,P00235,3,7730.01,5
I0001248,O000346,P00491,2,2944.08,15
I0001249,O001088,P00530,5,1950.03,25
I0001250,O000747,P00038,4,3498.28,0
I0001251,O000190,P00093,2,4261.87,15
I0001252,O000163,P00052,3,1700.14,5
I0001253,O000601,P00464,2,3490.97,10
I0001254,O000470,P00286,2,1608.46,0
I0001255,O000475,P00534,1,6215.74,15
I0001256,O001341,P00054,5,6269.74,25
I0001257,O001123,P00181,3,2494.99,10
I0001258,O000036,P00172,2,3283.46,0
I0001259,O000208,P00079,1,3379.77,25
I0001260,O000255,P00184,5,1772.52,15
I0001261,O000313,P00378,2,7217.14,0
I0001262,O000667,P00252,1,3283.72,25
I0001263,O000043,P00279,5,4153.61,0
I0001264,O000343,P00404,2,1742.9,0
I0001265,O001248,P00136,2,4240.83,15
I0001266,O000504,P00286,4,1638.82,20
I0001267,O000332,P00113,2,7100.44,25
I0001268,O000773,P00044,1,427.47,5
I0001269,O001004,P00472,5,4186.93,10
I0001270,O000956,P00414,5,2280.57,15
I0001271,O001183,P00363,5,1779.09,20
I0001272,O001073,P00415,3,3296.51,0
I0001273,O000259,P00516,4,2341.44,0
I0001274,O000753,P00076,5,8244.86,0
I0001275,O000770,P00423,4,1327.79,0
I0001276,O000407,P00323,4,3714.79,0
I0001277,O000922,P00446,2,6156.73,25
I0001278,O000812,P00144,3,5008.49,0
I0001279,O000518,P00233,4,4821.1,10
I0001280,O000420,P00477,3,807.05,10
I0001281,O000299,P00053,2,8366.8,0
I0001282,O000109,P00303,3,3509.11,10
I0001283,O001226,P00444,1,3442.0,25
I0001284,O000978,P00525,5,953.91,25
I0001285,O000722,P00491,1,3093.09,5
I0001286,O000023,P00519,2,3277.5,0
I0001287,O000051,P00277,1,4135.94,20
I0001288,O000050,P00534,3,5299.22,5
I0001289,O001274,P00472,3,3638.09,5
I0001290,O001200,P00053,5,6132.19,10
I0001291,O001053,P00500,4,2977.06,25
I0001292,O000315,P00519,1,3212.7,10
I0001293,O001301,P00339,4,5577.33,0
I0001294,O001264,P00202,1,4742.13,10
I0001295,O000091,P00226,1,4515.56,0
I0001296,O001166,P00200,4,3950.69,25
I0001297,O001121,P00156,4,3063.29,0
I0001298,O000335,P00001,1,1643.42,5
I0001299,O000449,P00495,1,2122.12,0
I0001300,O000164,P00506,1,3908.11,25
I0001301,O000763,P00351,5,7877.7,5
I0001302,O001079,P00339,3,5303.0,20
I0001303,O001217,P00533,3,6747.44,0
I0001304,O000889,P00232,1,4735.97,5
I0001305,O001022,P00522,3,8163.4,10
I0001306,O000616,P00053,5,8091.38,5
I0001307,O001137,P00110,2,3387.87,25
I0001308,O000951,P00225,2,333.14,0
I0001309,O000846,P00518,3,4792.41,10
I0001310,O000167,P00340,3,4702.01,15
I0001311,O000643,P00493,1,6042.0,0
I0001312,O000886,P00447,4,382.55,10
I0001313,O000759,P00032,3,4455.7,0
I0001314,O000812,P00499,4,3936.29,10
I0001315,O000587,P00441,2,5729.82,25
I0001316,O000327,P00169,3,3636.16,15
I0001317,O000207,P00386,1,6088.4,25
I0001318,O001107,P00009,2,3418.82,0
I0001319,O000005,P00156,1,2947.61,0
I0001320,O000752,P00137,3,4501.81,25
I0001321,O000180,P00366,5,4819.05,5
I0001322,O000080,P00339,1,7371.26,0
I0001323,O000001,P00041,5,1829.0,0
I0001324,O001005,P00175,4,948.05,15
I0001325,O001078,P00299,5,5401.96,15
I0001326,O000134,P00292,2,2161.35,25
I0001327,O001318,P00267,2,5952.85,15
I0001328,O001243,P00099,4,1763.78,5
I0001329,O000694,P00033,4,1301.83,20
I0001330,O000735,P00485,4,331.64,5
I0001331,O000857,P00301,4,2203.6,0
I0001332,O000432,P00317,3,1883.79,0
I0001333,O000163,P00159,1,3574.87,0
I0001334,O000920,P00152,1,664.52,20
I0001335,O000682,P00076,3,7797.45,15
I0001336,O000892,P00245,4,2908.22,20
I0001337,O000970,P00310,2,2693.78,5
I0001338,O000393,P00161,4,1073.71,0
I0001339,O000798,P00033,3,1068.11,10
I0001340,O000663,P00475,4,6297.42,25
I0001341,O001349,P00335,4,1569.47,25
I0001342,O000337,P00189,1,7391.47,10
I0001343,O000686,P00096,4,781.74,0
I0001344,O001237,P00246,5,2682.69,5
I0001345,O000856,P00208,2,1654.8,0
I0001346,O001260,P00370,3,7027.18,0
I0001347,O001027,P00108,4,470.4,0
I0001348,O000561,P00341,5,650.66,15
I0001349,O000081,P00202,4,4883.49,20
I0001350,O000935,P00298,5,5643.27,5
I0001351,O001207,P00019,4,1212.86,25
I0001352,O000855,P00065,4,8046.41,15
I0001353,O001211,P00237,3,135.89,5
I0001354,O000470,P00308,1,5600.41,15
I0001355,O000544,P00261,4,3761.04,0
I0001356,O000921,P00042,2,6202.89,0
I0001357,O000156,P00441,1,7158.05,5
I0001358,O000854,P00549,5,2349.02,25
I0001359,O001359,P00314,5,5245.96,15
I0001360,O001355,P00219,5,3553.25,25
I0001361,O000797,P00119,2,7143.78,5
I0001362,O001344,P00182,5,5408.87,20
I0001363,O000674,P00440,1,6056.92,10
I0001364,O000266,P00022,1,6825.12,20
I0001365,O001347,P00265,2,4529.3,5
I0001366,O000874,P00426,2,5740.62,0
I0001367,O000592,P00371,1,1010.67,15
I0001368,O000319,P00071,1,2641.67,25
I0001369,O000136,P00004,2,6981.1,25
I0001370,O000233,P00277,2,4556.86,5
I0001371,O001095,P00125,5,5045.49,0
I0001372,O000570,P00493,5,5751.62,5
I0001373,O000362,P00095,3,5797.32,0
I0001374,O001271,P00257,1,5875.21,25
I0001375,O000333,P00089,1,5884.77,0
I0001376,O000398,P00535,5,554.76,25
I0001377,O000697,P00360,1,5191.17,25
I0001378,O001050,P00443,1,8189.23,10
I0001379,O000390,P00218,2,2820.98,10
I0001380,O001346,P00069,2,2399.28,25
I0001381,O000938,P00507,5,2539.08,20
I0001382,O000086,P00378,2,5800.64,0
I0001383,O000728,P00004,5,5067.8,20
I0001384,O000852,P00382,3,5331.36,0
I0001385,O000175,P00323,4,2882.45,0
I0001386,O000239,P00534,5,5612.04,10
I0001387,O001130,P00507,5,2899.24,5
I0001388,O000067,P00123,5,1469.85,20
I0001389,O000640,P00325,2,1637.04,10
I0001390,O000219,P00301,1,1613.2,5
I0001391,O000778,P00141,3,7209.85,5
I0001392,O000153,P00349,4,4008.02,5
I0001393,O000632,P00077,4,3857.0,10
I0001394,O000584,P00024,1,6884.97,20
I0001395,O001076,P00096,2,947.23,25
I0001396,O000233,P00103,3,6225.07,5
I0001397,O000254,P00342,3,680.34,0
I0001398,O000101,P00081,2,3630.33,25
I0001399,O001183,P00082,5,8146.48,15
I0001400,O001348,P00305,5,2654.84,10
I0001401,O000861,P00042,3,5798.38,5
I0001402,O000281,P00276,1,4832.88,15
I0001403,O000977,P00005,1,5997.88,25
I0001404,O001110,P00370,4,6239.09,0
I0001405,O000685,P00254,1,3921.84,20
I0001406,O000964,P00107,1,2576.47,20
I0001407,O001398,P00130,2,1840.33,10
I0001408,O000560,P00006,5,5246.59,20
I0001409,O001122,P00193,4,1776.71,10
I0001410,O001366,P00217,5,933.01,25
I0001411,O000706,P00541,3,2005.49,15
I0001412,O000590,P00422,5,3472.18,15
I0001413,O000523,P00128,4,4042.26,10
I0001414,O000831,P00002,1,3130.41,20
I0001415,O001181,P00260,2,2133.33,20
I0001416,O000272,P00123,2,1430.24,0
I0001417,O000148,P00256,1,3984.91,0
I0001418,O000231,P00224,3,463.18,20
I0001419,O000029,P00216,1,3079.35,5
I0001420,O000296,P00212,4,2582.03,20
I0001421,O000666,P00127,3,7090.47,10
I0001422,O000909,P00532,3,7343.9,25
I0001423,O000798,P00150,2,3982.1,25
I0001424,O001002,P00249,4,879.4,10
I0001425,O000007,P00051,3,2294.63,0
I0001426,O000940,P00063,1,855.96,0
I0001427,O000589,P00424,1,6304.65,5
I0001428,O000029,P00182,4,6079.93,25
I0001429,O001202,P00543,1,5855.09,5
I0001430,O000412,P00230,4,3512.82,5
I0001431,O000553,P00489,4,885.15,0
I0001432,O000036,P00449,2,3524.49,20
I0001433,O000449,P00498,4,2310.22,15
I0001434,O000225,P00522,2,6227.19,5
I0001435,O000203,P00535,3,508.46,20
I0001436,O000827,P00529,3,431.96,15
I0001437,O000580,P00110,2,3431.25,0
I0001438,O001286,P00543,2,5956.74,15
I0001439,O000041,P00004,2,5847.28,20
I0001440,O000699,P00430,5,4731.19,0
I0001441,O000628,P00192,1,5217.58,10
I0001442,O001201,P00258,3,3708.53,10
I0001443,O000779,P00366,1,5837.98,0
I0001444,O000094,P00251,3,2713.43,5
I0001445,O001091,P00483,2,4123.21,0
I0001446,O000034,P00442,5,954.47,0
I0001447,O000842,P00141,2,6890.78,0
I0001448,O001096,P00479,4,1217.95,0
I0001449,O000904,P00106,5,880.8,0
I0001450,O000760,P00220,2,3326.3,5
I0001451,O000838,P00012,5,3950.61,5
I0001452,O000192,P00461,2,865.38,0
I0001453,O000513,P00122,1,7787.27,15
I0001454,O000975,P00247,1,5029.64,15
I0001455,O001003,P00172,1,3294.38,0
I0001456,O000205,P00422,3,3195.78,15
I0001457,O000569,P00235,5,5310.05,20
I0001458,O000927,P00358,3,1992.54,0
I0001459,O001285,P00028,1,4875.78,20
I0001460,O000353,P00282,2,3882.4,0
I0001461,O000402,P00047,2,1706.14,0
I0001462,O000944,P00136,3,3084.21,10
I0001463,O000276,P00232,5,3874.16,20
I0001464,O001285,P00210,3,4856.26,25
I0001465,O000316,P00307,4,3325.54,25
I0001466,O000775,P00163,4,471.31,5
I0001467,O000359,P00036,5,2512.02,10
I0001468,O000323,P00112,1,3800.74,0
I0001469,O000891,P00426,1,5806.16,25
I0001470,O001066,P00171,3,2791.62,20
I0001471,O001200,P00544,5,5862.52,10
I0001472,O001092,P00162,5,2235.73,0
I0001473,O000353,P00460,4,1174.41,25
I0001474,O000647,P00456,3,5785.96,0
I0001475,O000832,P00021,2,2271.22,25
I0001476,O000187,P00549,4,3349.03,0
I0001477,O000471,P00130,1,2007.02,15
I0001478,O000982,P00116,5,6647.71,20
I0001479,O001061,P00139,1,4355.89,0
I0001480,O000104,P00130,2,1839.4,15
I0001481,O001104,P00076,2,7404.49,5
I0001482,O000192,P00538,5,5849.56,5
I0001483,O000091,P00140,2,5650.36,25
I0001484,O000452,P00211,2,1890.46,0
I0001485,O001280,P00531,2,3563.45,10
I0001486,O000944,P00083,3,4988.03,5
I0001487,O000068,P00346,1,5370.37,25
I0001488,O000063,P00028,1,3950.43,0
I0001489,O000390,P00084,1,1125.97,25
I0001490,O001104,P00101,4,744.65,0
I0001491,O000724,P00027,2,6587.05,20
I0001492,O001323,P00118,5,4558.52,5
I0001493,O000175,P00268,2,3794.83,0
I0001494,O001006,P00489,3,1033.36,25
I0001495,O000360,P00079,2,4206.91,5
I0001496,O000087,P00514,5,6939.65,10
I0001497,O000891,P00042,5,6835.47,0
I0001498,O001356,P00051,1,2132.42,0
I0001499,O001304,P00387,3,3819.96,5
I0001500,O001086,P00529,3,459.68,10
I0001501,O000846,P00126,2,2207.88,5
I0001502,O000659,P00524,2,6741.88,0
I0001503,O000349,P00375,3,270.9,10
I0001504,O000081,P00043,5,842.5,0
I0001505,O000493,P00417,2,4049.24,25
I0001506,O000728,P00472,5,4357.38,0
I0001507,O000258,P00539,2,2375.93,5
I0001508,O000803,P00049,1,1551.36,15
I0001509,O001084,P00128,5,4179.89,5
I0001510,O001122,P00265,2,5825.71,10
I0001511,O000398,P00255,5,2807.83,25
I0001512,O001327,P00193,5,1638.77,5
I0001513,O001379,P00249,2,615.92,20
I0001514,O001389,P00410,5,1838.65,0
I0001515,O001322,P00535,5,597.47,20
I0001516,O000610,P00315,4,2637.92,0
I0001517,O000755,P00430,2,6435.04,25
I0001518,O000439,P00542,4,6162.34,25
I0001519,O000947,P00258,1,4844.92,25
I0001520,O001294,P00400,3,5404.33,5
I0001521,O000087,P00383,3,4081.42,25
I0001522,O000697,P00235,3,6752.67,0
I0001523,O000048,P00301,2,2095.02,10
I0001524,O000843,P00387,3,4555.09,25
I0001525,O001180,P00298,5,8170.13,15
I0001526,O000463,P00518,1,4771.89,5
I0001527,O001026,P00248,5,6951.62,25
I0001528,O000275,P00283,3,6394.04,25
I0001529,O000077,P00064,3,5257.89,20
I0001530,O000490,P00059,3,2583.21,0
I0001531,O000398,P00214,3,3016.18,5
I0001532,O000809,P00323,1,3685.26,25
I0001533,O000185,P00145,1,2330.82,15
I0001534,O000956,P00466,5,2259.47,25
I0001535,O000099,P00127,5,6207.41,0
I0001536,O000188,P00247,5,4920.92,0
I0001537,O000276,P00505,2,5666.69,5
I0001538,O000833,P00232,1,5444.28,20
I0001539,O001254,P00079,1,4113.07,10
I0001540,O000196,P00336,4,1082.48,15
I0001541,O001075,P00417,5,4858.42,0
I0001542,O000055,P00190,2,7390.01,0
I0001543,O000850,P00110,3,3217.82,0
I0001544,O000501,P00537,1,6274.52,5
I0001545,O000541,P00484,4,7522.53,25
I0001546,O000007,P00123,4,1520.56,20
I0001547,O000754,P00219,4,3633.14,5
I0001548,O000157,P00138,1,3057.32,0
I0001549,O001310,P00127,5,6601.34,5
I0001550,O000599,P00112,5,3824.9,10
I0001551,O000703,P00543,4,6770.27,15
I0001552,O000399,P00143,4,2539.08,20
I0001553,O001243,P00162,2,2186.52,0
I0001554,O000925,P00076,2,6600.13,5
I0001555,O000189,P00429,1,1444.15,0
I0001556,O001065,P00302,2,6324.23,20
I0001557,O001292,P00044,3,404.53,25
I0001558,O001009,P00346,2,5700.71,10
I0001559,O001064,P00446,1,5788.19,0
I0001560,O000037,P00132,4,8424.91,0
I0001561,O000417,P00057,5,6492.34,10
I0001562,O000792,P00091,1,3611.07,10
I0001563,O000436,P00075,3,1695.98,0
I0001564,O000698,P00224,3,423.82,25
I0001565,O001127,P00441,5,5576.99,15
I0001566,O001283,P00112,4,4893.04,10
I0001567,O000432,P00147,5,4060.7,25
I0001568,O000083,P00271,3,1505.92,5
I0001569,O000917,P00006,5,5661.05,5
I0001570,O000977,P00306,2,5492.26,15
I0001571,O000835,P00542,2,5992.55,0
I0001572,O000255,P00384,5,605.3,20
I0001573,O000037,P00380,4,6025.66,0
I0001574,O001157,P00520,3,1465.52,0
I0001575,O001176,P00297,3,978.0,0
I0001576,O001194,P00464,3,4576.08,10
I0001577,O001173,P00431,5,2145.66,25
I0001578,O001315,P00304,5,4987.54,15
I0001579,O001070,P00468,1,5710.16,15
I0001580,O000787,P00375,5,256.47,15
I0001581,O000677,P00255,2,3028.92,5
I0001582,O000635,P00022,5,5983.13,25
I0001583,O000390,P00200,2,3797.05,25
I0001584,O000290,P00229,3,1445.66,10
I0001585,O001147,P00414,5,2279.43,0
I0001586,O000048,P00418,5,2125.22,10
I0001587,O001312,P00159,4,3677.27,25
I0001588,O001315,P00428,1,3409.78,20
I0001589,O001151,P00222,3,6413.83,20
I0001590,O001243,P00234,5,2699.47,20
I0001591,O001066,P00371,2,935.85,15
I0001592,O000007,P00018,3,4755.47,10
I0001593,O001160,P00121,2,4648.25,5
I0001594,O000302,P00031,5,5697.22,25
I0001595,O001386,P00368,5,1630.72,20
I0001596,O001128,P00273,1,4092.54,10
I0001597,O001291,P00353,4,629.94,25
I0001598,O001151,P00222,1,5408.93,10
I0001599,O000390,P00101,2,789.57,5
I0001600,O000516,P00345,1,3348.83,25
I0001601,O001109,P00274,4,3590.45,15
I0001602,O000557,P00319,5,1138.42,0
I0001603,O000980,P00031,2,6516.69,0
I0001604,O000890,P00007,5,3380.58,10
I0001605,O000240,P00065,1,7784.5,25
I0001606,O000414,P00397,5,3140.41,20
I0001607,O000686,P00198,5,4666.89,25
I0001608,O000136,P00027,1,6764.62,0
I0001609,O000601,P00286,1,1755.59,0
I0001610,O000929,P00330,1,4838.76,0
I0001611,O001193,P00535,2,660.12,20
I0001612,O000104,P00422,2,4176.93,0
I0001613,O000035,P00287,3,6029.82,10
I0001614,O000577,P00454,5,554.31,0
I0001615,O000826,P00460,2,1242.79,10
I0001616,O000281,P00134,5,317.58,15
I0001617,O001281,P00095,4,6861.01,10
I0001618,O001158,P00049,2,1858.81,15
I0001619,O000047,P00069,3,1960.51,15
I0001620,O000138,P00547,3,7043.17,0
I0001621,O000476,P00208,4,1695.99,0
I0001622,O000351,P00322,3,211.58,10
I0001623,O001116,P00112,4,5030.06,10
I0001624,O000337,P00011,2,383.24,0
I0001625,O000778,P00168,1,3804.66,25
I0001626,O001052,P00433,2,8919.16,5
I0001627,O001016,P00136,4,3809.65,5
I0001628,O000390,P00386,1,6486.56,0
I0001629,O000542,P00304,3,4964.36,20
I0001630,O000662,P00173,5,2759.47,25
I0001631,O001046,P00406,3,3882.67,25
I0001632,O000565,P00097,4,3646.45,0
I0001633,O000420,P00243,4,4306.88,25
I0001634,O000964,P00105,4,5012.18,0
I0001635,O001367,P00475,4,6461.38,0
I0001636,O000331,P00077,1,3716.77,10
I0001637,O000210,P00550,2,1114.2,5
I0001638,O000352,P00532,4,7094.06,5
I0001639,O000897,P00504,5,5348.73,10
I0001640,O000498,P00238,5,1885.57,25
I0001641,O001114,P00528,2,4010.95,5
I0001642,O000694,P00419,1,2845.84,25
I0001643,O001010,P00461,1,1029.81,15
I0001644,O001395,P00439,4,8357.83,0
I0001645,O000126,P00465,4,3320.61,10
I0001646,O001062,P00242,4,2286.37,0
I0001647,O000005,P00016,3,1830.69,0
I0001648,O000370,P00087,2,3100.44,5
I0001649,O000177,P00336,2,1315.73,20
I0001650,O000687,P00375,1,246.97,10
I0001651,O000830,P00108,3,548.97,20
I0001652,O001334,P00075,5,2237.21,0
I0001653,O000285,P00075,5,1879.67,10
I0001654,O000081,P00468,5,6361.83,15
I0001655,O000881,P00275,2,4561.24,15
I0001656,O000034,P00296,5,8732.75,0
I0001657,O000070,P00039,3,4997.04,20
I0001658,O000888,P00236,5,5343.66,15
I0001659,O000598,P00257,5,5548.37,5
I0001660,O001049,P00346,5,4958.8,0
I0001661,O000711,P00087,3,3418.25,15
I0001662,O000074,P00520,4,1530.5,10
I0001663,O000367,P00094,3,220.41,15
I0001664,O000800,P00412,4,1789.45,15
I0001665,O001261,P00192,1,4701.98,10
I0001666,O000131,P00080,5,8080.54,20
I0001667,O001251,P00473,4,2066.3,10
I0001668,O001177,P00154,5,6890.83,15
I0001669,O000266,P00510,2,2295.36,15
I0001670,O000079,P00201,4,1034.9,15
I0001671,O000002,P00326,5,6361.32,0
I0001672,O000107,P00244,3,4879.56,0
I0001673,O000781,P00370,4,8077.44,5
I0001674,O000079,P00468,5,5051.19,0
I0001675,O001110,P00172,3,2544.58,20
I0001676,O000550,P00351,3,6221.27,15
I0001677,O001216,P00403,4,2482.53,0
I0001678,O000603,P00362,5,5575.64,0
I0001679,O001180,P00137,5,4784.15,25
I0001680,O000399,P00401,2,5631.2,15
I0001681,O000830,P00106,3,701.3,0
I0001682,O001092,P00336,2,1214.31,20
I0001683,O000704,P00495,2,2054.0,15
I0001684,O001207,P00176,4,4062.69,20
I0001685,O001085,P00228,3,4097.63,20
I0001686,O000458,P00379,1,4415.14,15
I0001687,O000802,P00109,5,5029.4,0
I0001688,O000539,P00502,5,3800.52,25
I0001689,O001250,P00333,1,3051.59,10
I0001690,O000460,P00295,3,5740.69,5
I0001691,O001182,P00123,5,1094.42,25
I0001692,O001227,P00116,4,6896.56,0
I0001693,O000684,P00204,5,461.56,5
I0001694,O000746,P00039,1,3742.09,5
I0001695,O000602,P00091,3,4113.48,5
I0001696,O000220,P00336,2,974.7,0
I0001697,O000440,P00375,5,274.05,10
I0001698,O000488,P00538,1,7245.25,10
I0001699,O000033,P00325,1,1909.8,5
I0001700,O000581,P00154,1,6973.72,25
I0001701,O000725,P00090,1,205.63,10
I0001702,O001212,P00542,1,7391.32,15
I0001703,O000270,P00062,5,7319.27,0
I0001704,O000266,P00279,3,3711.98,15
I0001705,O000714,P00540,5,4270.91,0
I0001706,O000877,P00339,5,5943.83,5
I0001707,O000922,P00519,4,2781.09,5
I0001708,O000284,P00306,2,4782.19,5
I0001709,O001371,P00523,3,4843.25,20
I0001710,O000865,P00348,5,216.47,25
I0001711,O000590,P00325,5,1405.2,0
I0001712,O000244,P00312,5,6545.75,25
I0001713,O000053,P00439,3,6099.33,25
I0001714,O000088,P00007,1,2802.78,5
I0001715,O001201,P00382,2,5132.83,0
I0001716,O000269,P00075,2,2134.28,25
I0001717,O000650,P00119,3,5772.6,0
I0001718,O000985,P00332,3,4456.27,0
I0001719,O000374,P00436,5,1320.81,5
I0001720,O001065,P00311,3,6597.33,10
I0001721,O001270,P00396,5,6346.1,10
I0001722,O000455,P00148,4,847.56,20
I0001723,O001318,P00452,3,1066.99,20
I0001724,O000751,P00007,2,3699.83,20
I0001725,O000590,P00172,3,2583.46,0
I0001726,O000355,P00539,2,3115.98,25
I0001727,O000390,P00109,2,6020.98,0
I0001728,O000294,P00205,5,8353.96,20
I0001729,O001279,P00008,3,5186.64,10
I0001730,O001065,P00009,1,3160.09,5
I0001731,O000418,P00502,2,3493.63,10
I0001732,O001091,P00354,1,998.78,10
I0001733,O000179,P00414,5,2051.94,0
I0001734,O000984,P00186,3,314.09,5
I0001735,O001286,P00372,5,2923.55,0
I0001736,O001170,P00389,2,2835.1,5
I0001737,O000185,P00146,5,159.03,25
I0001738,O001347,P00465,4,3529.5,20
I0001739,O000109,P00105,4,5042.22,0
I0001740,O001322,P00451,1,4351.05,0
I0001741,O000407,P00469,2,408.09,20
I0001742,O001343,P00223,5,2555.23,0
I0001743,O000373,P00030,3,6339.92,15
I0001744,O000351,P00220,4,4688.14,20
I0001745,O001347,P00438,3,3055.46,0
I0001746,O001133,P00311,2,6664.92,0
I0001747,O001338,P00171,3,2431.54,0
I0001748,O001139,P00209,3,6622.29,5
I0001749,O001002,P00428,1,3804.66,10
I0001750,O000331,P00505,2,6616.83,5
I0001751,O001170,P00254,1,4218.91,25
I0001752,O001021,P00260,5,2550.21,20
I0001753,O000916,P00120,2,245.32,25
I0001754,O000383,P00450,1,3602.97,10
I0001755,O000114,P00072,2,2381.84,20
I0001756,O001020,P00480,5,6794.89,0
I0001757,O000284,P00503,3,2021.06,15
I0001758,O000268,P00532,2,5926.81,25
I0001759,O000747,P00101,2,674.22,25
I0001760,O000386,P00056,5,4619.33,0
I0001761,O001002,P00272,5,1419.42,20
I0001762,O001032,P00477,5,821.01,15
I0001763,O000432,P00449,3,3413.36,20
I0001764,O000732,P00382,5,4235.75,20
I0001765,O000125,P00548,4,5632.79,25
I0001766,O000036,P00042,2,6311.35,5
I0001767,O001322,P00242,4,1712.39,15
I0001768,O000943,P00329,1,1626.58,25
I0001769,O001169,P00167,2,6307.51,25
I0001770,O000306,P00096,1,961.79,0
I0001771,O000190,P00357,1,2248.48,10
I0001772,O000395,P00284,5,2764.46,25
I0001773,O001181,P00202,1,4805.18,10
I0001774,O001216,P00085,2,621.57,15
I0001775,O000815,P00118,2,4077.86,0
I0001776,O000425,P00156,1,2573.31,25
I0001777,O000956,P00472,4,4304.42,0
I0001778,O001241,P00055,1,7614.16,20
I0001779,O000231,P00092,1,232.0,0
I0001780,O000086,P00133,2,6168.28,20
I0001781,O000279,P00033,4,1330.16,20
I0001782,O000510,P00542,4,6437.22,15
I0001783,O000602,P00220,1,4079.85,10
I0001784,O000427,P00390,3,5586.73,20
I0001785,O001333,P00184,4,1834.9,25
I0001786,O000213,P00309,5,2988.55,25
I0001787,O000206,P00289,2,3901.96,0
I0001788,O000288,P00405,5,2408.33,25
I0001789,O001362,P00009,5,3275.37,0
I0001790,O000588,P00154,5,5615.07,0
I0001791,O000717,P00199,3,5767.63,25
I0001792,O000440,P00068,1,6072.72,15
I0001793,O001195,P00354,2,1151.7,0
I0001794,O000930,P00100,2,1773.62,5
I0001795,O000736,P00196,4,3729.43,15
I0001796,O000629,P00376,4,245.08,0
I0001797,O000532,P00218,1,3165.86,20
I0001798,O000289,P00160,1,6192.65,0
I0001799,O000742,P00433,1,7825.67,10
I0001800,O001014,P00237,5,139.26,0
I0001801,O000175,P00063,4,824.4,25
I0001802,O000468,P00023,4,1591.83,25
I0001803,O001332,P00289,5,5498.23,0
I0001804,O000535,P00351,3,8160.46,0
I0001805,O000585,P00008,2,5037.38,0
I0001806,O001262,P00128,1,3607.03,10
I0001807,O001311,P00509,5,2074.74,10
I0001808,O000133,P00316,5,5886.8,15
I0001809,O000584,P00357,3,2367.97,0
I0001810,O000983,P00253,3,4421.37,0
I0001811,O000890,P00258,4,3376.81,0
I0001812,O001054,P00061,1,1740.83,0
I0001813,O001135,P00028,4,4227.65,10
I0001814,O000185,P00409,3,1345.63,10
I0001815,O001115,P00529,1,430.43,0
I0001816,O000220,P00376,4,190.57,0
I0001817,O000125,P00111,3,4808.08,0
I0001818,O000837,P00521,1,2420.46,0
I0001819,O000470,P00056,4,4957.02,0
I0001820,O001087,P00295,3,8446.56,10
I0001821,O000821,P00308,2,4564.77,20
I0001822,O000036,P00202,1,5102.66,0
I0001823,O001082,P00358,5,2086.14,10
I0001824,O001221,P00437,4,267.26,0
I0001825,O001150,P00210,1,3533.01,0
I0001826,O000825,P00206,5,6251.5,25
I0001827,O000896,P00451,3,5092.79,10
I0001828,O000724,P00153,1,834.3,15
I0001829,O000973,P00247,2,3776.41,0
I0001830,O000850,P00273,4,4166.63,5
I0001831,O000052,P00339,5,6777.83,25
I0001832,O000916,P00120,1,243.9,20
I0001833,O000517,P00479,1,828.24,20
I0001834,O000484,P00269,5,4367.98,15
I0001835,O001293,P00070,5,4739.34,15
I0001836,O000511,P00004,3,6702.33,20
I0001837,O000353,P00068,3,4566.94,15
I0001838,O001208,P00514,1,6890.21,25
I0001839,O001242,P00509,4,2140.51,10
I0001840,O000407,P00230,1,3218.59,10
I0001841,O000783,P00124,4,4479.44,20
I0001842,O000842,P00300,1,6161.08,0
I0001843,O000994,P00153,2,737.97,0
I0001844,O001170,P00497,4,4216.99,0
I0001845,O000895,P00179,3,1982.95,20
I0001846,O001219,P00528,5,3423.98,15
I0001847,O000914,P00117,5,7586.7,0
I0001848,O000883,P00271,2,2027.12,20
I0001849,O000439,P00143,1,2886.11,15
I0001850,O000352,P00472,5,3292.74,10
I0001851,O001354,P00057,2,7328.27,0
I0001852,O001118,P00266,1,6091.21,25
I0001853,O000757,P00086,2,201.29,25
I0001854,O001034,P00526,5,7264.1,25
I0001855,O000230,P00460,2,937.16,10
I0001856,O001032,P00023,5,1962.49,5
I0001857,O000145,P00521,1,2931.14,10
I0001858,O001096,P00267,3,4585.11,25
I0001859,O000730,P00124,4,4339.98,20
I0001860,O000902,P00239,5,5208.83,5
I0001861,O001105,P00449,1,2753.4,25
I0001862,O001107,P00027,3,5829.42,10
I0001863,O001366,P00328,4,677.39,25
I0001864,O000779,P00185,2,1484.59,5
I0001865,O001328,P00413,1,148.3,0
I0001866,O001382,P00524,4,8015.32,5
I0001867,O001374,P00170,5,2295.88,15
I0001868,O000804,P00155,4,217.72,20
I0001869,O000548,P00489,1,837.08,5
I0001870,O000530,P00235,1,7711.76,0
I0001871,O000727,P00434,1,5364.56,10
I0001872,O000999,P00255,2,2696.88,25
I0001873,O000773,P00230,3,3075.9,25
I0001874,O001349,P00472,5,4175.21,10
I0001875,O001311,P00187,3,5791.23,15
I0001876,O001249,P00432,3,4264.71,15
I0001877,O001253,P00255,3,2868.31,5
I0001878,O000640,P00464,5,3507.36,10
I0001879,O001149,P00012,2,4356.32,10
I0001880,O000729,P00146,2,163.41,0
I0001881,O001112,P00417,3,4278.61,0
I0001882,O000455,P00515,5,778.56,10
I0001883,O000467,P00546,5,5477.52,10
I0001884,O000810,P00141,3,5960.42,25
I0001885,O001233,P00540,4,4579.48,10
I0001886,O000130,P00023,5,1561.33,0
I0001887,O001202,P00220,1,4594.1,20
I0001888,O001355,P00255,3,3253.44,15
I0001889,O000835,P00168,2,3796.26,0
I0001890,O000001,P00487,4,5706.91,0
I0001891,O000658,P00045,3,5206.36,0
I0001892,O000045,P00411,3,7821.76,5
I0001893,O001015,P00286,3,1431.68,0
I0001894,O000652,P00100,4,2218.67,25
I0001895,O000561,P00198,3,3352.38,15
I0001896,O000130,P00427,4,2505.1,20
I0001897,O001057,P00496,1,5648.44,5
I0001898,O001109,P00043,5,948.87,20
I0001899,O000946,P00003,4,6223.79,0
I0001900,O000164,P00100,3,2045.02,10
I0001901,O000464,P00530,1,1970.56,15
I0001902,O001284,P00190,4,5859.54,5
I0001903,O001359,P00433,5,7598.63,25
I0001904,O000811,P00255,5,3183.76,15
I0001905,O001038,P00451,3,4196.64,5
I0001906,O000697,P00093,3,4217.71,5
I0001907,O000255,P00051,1,2464.75,20
I0001908,O000979,P00185,1,1734.35,0
I0001909,O000720,P00391,1,462.71,10
I0001910,O001399,P00081,4,4350.62,0
I0001911,O000863,P00405,2,1907.58,10
I0001912,O001055,P00129,1,532.66,5
I0001913,O000115,P00382,5,4612.52,0
I0001914,O001217,P00051,1,2504.71,15
I0001915,O000612,P00309,2,3517.85,15
I0001916,O000097,P00257,2,4804.53,10
I0001917,O001141,P00385,3,4070.02,10
I0001918,O000103,P00510,4,2302.04,10
I0001919,O000030,P00269,2,4842.43,5
I0001920,O000746,P00323,4,3363.23,10
I0001921,O000060,P00349,5,3463.87,25
I0001922,O000453,P00316,3,5443.34,15
I0001923,O000268,P00030,4,6544.12,25
I0001924,O000829,P00379,3,4438.96,25
I0001925,O000858,P00134,2,316.49,5
I0001926,O000813,P00056,1,5595.71,15
I0001927,O000110,P00356,2,2181.41,20
I0001928,O000383,P00436,2,1043.26,0
I0001929,O000926,P00302,2,6055.1,10
I0001930,O000822,P00486,3,1348.38,5
I0001931,O000057,P00069,4,1720.38,0
I0001932,O000190,P00288,1,4545.58,25
I0001933,O001093,P00516,3,2334.8,20
I0001934,O000013,P00398,1,4394.47,15
I0001935,O000972,P00016,1,1994.56,10
I0001936,O001145,P00493,4,4393.69,25
I0001937,O001184,P00082,2,7366.61,5
I0001938,O000560,P00455,1,1827.13,20
I0001939,O000337,P00419,3,3368.93,10
I0001940,O000228,P00078,2,1598.95,0
I0001941,O000515,P00209,5,5020.86,25
I0001942,O000467,P00491,3,3223.94,20
I0001943,O000099,P00396,5,5214.87,5
I0001944,O000543,P00173,3,3972.53,0
I0001945,O000253,P00318,2,2792.13,20
I0001946,O000665,P00239,5,5044.34,5
I0001947,O000065,P00275,1,4652.32,10
I0001948,O001337,P00261,3,4442.48,20
I0001949,O000299,P00479,3,1166.69,25
I0001950,O000287,P00079,1,4385.81,0
I0001951,O001101,P00459,3,1928.72,20
I0001952,O000174,P00504,5,5868.04,25
I0001953,O000498,P00408,2,563.96,20
I0001954,O000348,P00171,4,2089.0,25
I0001955,O000150,P00389,2,2792.31,5
I0001956,O000125,P00013,5,2124.56,0
I0001957,O000086,P00397,2,3412.63,20
I0001958,O000792,P00200,1,4698.47,25
I0001959,O001117,P00236,3,4495.92,0
I0001960,O000470,P00274,5,3894.65,0
I0001961,O000074,P00313,1,5492.91,25
I0001962,O000142,P00107,5,3153.39,10
I0001963,O001035,P00452,4,1010.99,0
I0001964,O000353,P00436,3,1122.28,5
I0001965,O000537,P00369,3,625.39,25
I0001966,O001096,P00545,2,6148.42,20
I0001967,O001235,P00068,4,5857.75,10
I0001968,O001315,P00110,1,4092.7,25
I0001969,O001319,P00329,2,2043.25,0
I0001970,O001029,P00550,4,1065.12,5
I0001971,O001164,P00396,5,5465.05,15
I0001972,O000318,P00541,5,2708.27,25
I0001973,O000645,P00063,3,841.36,20
I0001974,O000215,P00137,4,3822.02,10
I0001975,O000772,P00141,3,5366.74,25
I0001976,O001107,P00092,5,267.55,10
I0001977,O000549,P00259,2,1920.35,0
I0001978,O000921,P00232,5,4124.45,0
I0001979,O000212,P00244,5,3893.77,0
I0001980,O000803,P00512,1,645.2,0
I0001981,O001059,P00216,2,3658.09,0
I0001982,O000299,P00218,2,2282.9,25
I0001983,O000380,P00120,1,210.12,0
I0001984,O001070,P00017,1,2947.8,10
I0001985,O000093,P00389,1,2804.17,15
I0001986,O000250,P00493,4,4152.83,0
I0001987,O000764,P00303,2,3558.61,0
I0001988,O000482,P00296,1,8569.08,5
I0001989,O001314,P00327,2,1522.63,15
I0001990,O000989,P00523,1,4836.35,25
I0001991,O000645,P00142,2,670.12,25
I0001992,O000072,P00324,1,5962.67,20
I0001993,O000828,P00018,4,4786.24,0
I0001994,O000675,P00379,3,4557.21,15
I0001995,O000153,P00389,4,2246.59,20
I0001996,O000887,P00048,4,6498.2,20
I0001997,O000551,P00400,4,4730.79,0
I0001998,O000613,P00403,3,2973.46,20
I0001999,O000578,P00093,2,3261.58,10
I0002000,O000817,P00332,1,5727.84,15
I0002001,O000962,P00276,5,4770.29,15
I0002002,O001151,P00016,3,2126.61,10
I0002003,O000415,P00430,5,5423.19,0
I0002004,O001163,P00387,5,4183.95,10
I0002005,O001243,P00164,4,2121.32,0
I0002006,O001106,P00541,2,2284.54,15
I0002007,O000243,P00533,5,6004.73,20
I0002008,O000149,P00497,5,4399.18,5
I0002009,O000744,P00440,2,5614.56,0
I0002010,O000048,P00466,4,2236.19,0
I0002011,O000179,P00130,1,1563.89,20
I0002012,O001293,P00368,4,1915.88,15
I0002013,O000031,P00192,4,4415.72,0
I0002014,O000755,P00006,5,5975.2,0
I0002015,O000688,P00473,3,2048.6,0
I0002016,O000936,P00472,4,3582.18,0
I0002017,O000608,P00142,4,692.1,0
I0002018,O001110,P00077,1,3764.53,25
I0002019,O000189,P00149,3,1568.21,15
I0002020,O000893,P00413,2,125.97,0
I0002021,O000978,P00145,5,2597.55,15
I0002022,O000110,P00077,4,3959.15,5
I0002023,O000271,P00376,3,186.77,15
I0002024,O000764,P00355,3,4446.2,25
I0002025,O000892,P00047,3,1677.31,0
I0002026,O000290,P00003,5,4670.77,25
I0002027,O000001,P00376,4,240.45,0
I0002028,O001295,P00051,1,2262.57,20
I0002029,O000564,P00351,4,8154.17,10
I0002030,O000279,P00176,2,4166.55,25
I0002031,O001031,P00482,2,2480.59,15
I0002032,O000011,P00336,3,905.14,10
I0002033,O000375,P00533,5,5248.06,5
I0002034,O000185,P00464,2,3482.19,10
I0002035,O001111,P00075,4,2361.67,25
I0002036,O000987,P00383,1,3856.17,25
I0002037,O001314,P00360,5,4908.29,0
I0002038,O001177,P00094,1,233.87,0
I0002039,O000224,P00183,4,3355.26,20
I0002040,O000381,P00089,3,6657.02,20
I0002041,O000466,P00045,3,6002.11,25
I0002042,O001167,P00452,1,944.47,0
I0002043,O000146,P00034,4,1659.97,15
I0002044,O000010,P00322,1,284.05,5
I0002045,O001176,P00089,5,7638.28,15
I0002046,O000465,P00336,3,1235.96,0
I0002047,O000847,P00535,4,580.37,15
I0002048,O000706,P00219,4,2967.36,5
I0002049,O000237,P00286,4,1611.1,20
I0002050,O001055,P00091,5,4904.79,10
I0002051,O001103,P00208,3,1690.68,25
I0002052,O000529,P00073,1,4034.9,0
I0002053,O001360,P00361,5,2321.2,0
I0002054,O000960,P00188,1,3882.53,0
I0002055,O000525,P00369,4,650.26,25
I0002056,O000311,P00248,3,6680.95,0
I0002057,O001118,P00416,3,1403.52,20
I0002058,O000397,P00440,4,5922.92,0
I0002059,O001110,P00258,3,4220.95,15
I0002060,O000652,P00311,2,7316.98,10
I0002061,O000283,P00306,4,4873.28,5
I0002062,O000913,P00343,1,993.17,5
I0002063,O000738,P00052,4,1648.79,5
I0002064,O000746,P00361,1,2632.51,0
I0002065,O000375,P00211,5,1911.76,0
I0002066,O000683,P00035,5,4196.24,5
I0002067,O001011,P00110,1,4005.41,5
I0002068,O000209,P00029,5,4879.97,0
I0002069,O000948,P00086,1,208.38,10
I0002070,O000040,P00098,5,1316.64,25
I0002071,O001397,P00303,4,3566.6,20
I0002072,O001299,P00182,2,4975.07,20
I0002073,O000646,P00380,2,6515.66,5
I0002074,O000002,P00086,2,216.94,20
I0002075,O000897,P00139,2,5797.32,25
I0002076,O000022,P00366,1,5096.51,10
I0002077,O000655,P00052,1,1421.24,0
I0002078,O001341,P00188,3,3605.99,15
I0002079,O001298,P00266,4,5981.3,5
I0002080,O000579,P00033,4,998.39,25
I0002081,O000908,P00505,1,6371.65,25
I0002082,O001219,P00133,4,7418.21,5
I0002083,O000473,P00375,1,259.35,25
I0002084,O000020,P00068,1,6669.55,5
I0002085,O000025,P00222,3,4801.63,15
I0002086,O000569,P00122,1,6551.59,0
I0002087,O000094,P00220,4,3976.1,20
I0002088,O000148,P00292,1,2231.94,20
I0002089,O001340,P00097,2,3729.52,15
I0002090,O000736,P00179,5,2131.09,25
I0002091,O001162,P00250,3,2276.16,0
I0002092,O000145,P00371,4,889.79,10
I0002093,O001183,P00499,5,3061.3,0
I0002094,O000878,P00408,5,622.88,25
I0002095,O001120,P00061,1,1957.53,10
I0002096,O000091,P00489,3,1138.28,0
I0002097,O000547,P00491,5,3574.59,0
I0002098,O001168,P00224,2,512.42,5
I0002099,O000043,P00384,2,590.38,10
I0002100,O000322,P00470,4,1134.06,0
I0002101,O001297,P00224,2,422.4,0
I0002102,O000436,P00075,4,2411.07,5
I0002103,O000802,P00262,2,6240.5,0
I0002104,O000522,P00471,5,6347.6,0
I0002105,O000307,P00192,5,4254.85,0
I0002106,O000196,P00316,3,5139.07,20
I0002107,O000082,P00033,5,1291.15,10
I0002108,O000501,P00048,3,4384.58,25
I0002109,O000519,P00424,5,6605.87,0
I0002110,O000787,P00120,1,225.44,0
I0002111,O000014,P00140,5,5310.25,20
I0002112,O000685,P00343,4,971.28,15
I0002113,O001159,P00462,3,1525.42,0
I0002114,O001216,P00176,5,5067.39,5
I0002115,O000096,P00172,4,2608.95,25
I0002116,O001375,P00247,4,5244.95,0
I0002117,O000938,P00009,2,3336.47,15
I0002118,O000524,P00192,1,4721.04,10
I0002119,O000259,P00026,5,1721.46,10
I0002120,O000706,P00118,1,5657.39,0
I0002121,O000388,P00007,2,3160.95,0
I0002122,O001353,P00102,5,3045.71,5
I0002123,O001070,P00538,1,6660.32,10
I0002124,O001159,P00005,3,6150.4,0
I0002125,O000895,P00115,5,3210.29,5
I0002126,O001128,P00341,5,535.14,15
I0002127,O000950,P00321,5,494.0,10
I0002128,O000782,P00172,1,2989.09,0
I0002129,O000485,P00052,3,1668.83,25
I0002130,O001122,P00222,1,6492.41,15
I0002131,O001192,P00159,5,4305.64,0
I0002132,O000680,P00522,3,8132.33,5
I0002133,O001053,P00055,1,5874.29,20
I0002134,O000003,P00489,2,841.52,15
I0002135,O000604,P00219,5,3531.39,20
I0002136,O001357,P00235,2,7820.06,0
I0002137,O000569,P00259,1,2052.33,5
I0002138,O001075,P00217,2,1073.38,0
I0002139,O001183,P00432,3,4670.53,0
I0002140,O001285,P00011,2,391.36,0
I0002141,O000104,P00037,2,5525.48,20
I0002142,O000269,P00153,2,687.6,10
I0002143,O000261,P00510,3,2666.69,0
I0002144,O000398,P00250,3,1985.33,25
I0002145,O000192,P00134,5,327.52,0
I0002146,O000811,P00417,3,3691.15,20
I0002147,O001219,P00059,3,2613.87,25
I0002148,O000942,P00451,4,4152.05,15
I0002149,O001101,P00099,5,1764.14,25
I0002150,O001335,P00073,1,3740.12,15
I0002151,O001399,P00092,4,280.77,20
I0002152,O000612,P00076,4,6899.24,15
I0002153,O001193,P00042,2,7616.06,15
I0002154,O000060,P00224,1,407.24,25
I0002155,O001270,P00283,1,6190.25,0
I0002156,O000167,P00155,5,236.53,0
I0002157,O000998,P00122,4,5619.11,0
I0002158,O001142,P00376,4,255.93,25
I0002159,O000944,P00428,4,4124.78,0
I0002160,O000807,P00393,2,4061.83,0
I0002161,O000742,P00525,4,1104.04,5
I0002162,O000616,P00294,3,2396.03,10
I0002163,O000403,P00442,4,952.74,15
I0002164,O001163,P00194,2,5218.85,0
I0002165,O000772,P00310,5,2197.95,0
I0002166,O000790,P00133,2,6208.22,25
I0002167,O000606,P00121,1,5286.98,5
I0002168,O001363,P00222,4,4658.19,25
I0002169,O000657,P00352,5,4702.53,0
I0002170,O001052,P00104,5,2461.0,0
I0002171,O001217,P00547,4,6995.92,15
I0002172,O000835,P00101,5,604.02,0
I0002173,O001348,P00319,1,1127.47,20
I0002174,O000452,P00390,3,4848.48,5
I0002175,O000577,P00246,2,3168.5,0
I0002176,O000747,P00375,1,246.24,0
I0002177,O000415,P00252,3,3391.77,0
I0002178,O000162,P00247,1,5062.2,5
I0002179,O000831,P00542,4,5939.45,20
I0002180,O000957,P00274,3,4642.06,10
I0002181,O000678,P00276,4,6531.99,10
I0002182,O000409,P00275,3,4104.07,0
I0002183,O001156,P00448,3,6666.97,25
I0002184,O000792,P00278,4,6716.92,15
I0002185,O000131,P00515,4,835.25,5
I0002186,O000363,P00130,1,1718.29,5
I0002187,O000017,P00023,5,1922.68,25
I0002188,O000180,P00314,5,7198.8,0
I0002189,O000293,P00409,5,1255.95,5
I0002190,O000619,P00391,4,622.72,0
I0002191,O000028,P00116,2,6810.37,5
I0002192,O000754,P00140,2,6463.1,15
I0002193,O000372,P00122,3,6653.69,25
I0002194,O001368,P00293,1,1609.9,20
I0002195,O000323,P00201,2,1090.68,25
I0002196,O000649,P00120,3,271.94,0
I0002197,O001161,P00058,4,2406.4,20
I0002198,O000214,P00469,2,494.65,20
I0002199,O001094,P00019,1,1221.43,20
I0002200,O001088,P00125,4,5775.42,0
I0002201,O000163,P00146,1,150.0,15
I0002202,O001141,P00458,1,2250.98,0
I0002203,O001348,P00215,3,3357.81,0
I0002204,O000944,P00444,5,3390.7,25
I0002205,O000231,P00511,1,335.88,20
I0002206,O001084,P00168,1,4341.87,5
I0002207,O000911,P00152,2,769.75,0
I0002208,O001397,P00441,4,5935.89,0
I0002209,O000007,P00200,4,3802.67,0
I0002210,O000313,P00048,3,6151.1,15
I0002211,O000753,P00065,1,6388.35,15
I0002212,O000052,P00047,1,1762.56,10
I0002213,O000135,P00183,2,2599.06,5
I0002214,O000246,P00475,2,6235.24,15
I0002215,O001175,P00309,2,3743.0,0
I0002216,O001084,P00223,4,2776.43,20
I0002217,O000337,P00089,4,7976.21,0
I0002218,O000775,P00125,2,5367.09,5
I0002219,O000801,P00158,5,5919.12,20
I0002220,O001321,P00028,5,4145.44,20
I0002221,O000705,P00497,2,3959.53,5
I0002222,O000481,P00361,2,1910.08,0
I0002223,O001262,P00454,2,507.79,15
I0002224,O000589,P00179,1,2146.97,10
I0002225,O000462,P00228,3,3345.43,10
I0002226,O001039,P00438,1,2516.01,0
I0002227,O000188,P00481,4,1261.44,15
I0002228,O001048,P00471,1,6358.26,15
I0002229,O001036,P00510,1,2776.97,25
I0002230,O000080,P00205,4,6090.4,10
I0002231,O000812,P00128,2,3204.97,20
I0002232,O001389,P00228,5,4022.65,0
I0002233,O001365,P00092,4,272.04,20
I0002234,O001094,P00446,3,6144.55,25
I0002235,O000411,P00413,4,129.19,25
I0002236,O000298,P00269,2,3794.39,0
I0002237,O000331,P00157,2,6387.41,15
I0002238,O001245,P00018,1,3762.09,0
I0002239,O001373,P00355,5,5111.42,15
I0002240,O000366,P00158,2,7437.64,5
I0002241,O000773,P00415,1,2450.37,15
I0002242,O000762,P00346,2,5157.94,10
I0002243,O000502,P00249,4,616.26,20
I0002244,O000114,P00118,5,4522.08,20
I0002245,O000215,P00504,3,6770.54,0
I0002246,O000470,P00498,3,2209.87,5
I0002247,O000664,P00125,5,4397.13,20
I0002248,O000790,P00074,2,3309.47,20
I0002249,O000588,P00059,5,3121.42,0
I0002250,O000791,P00485,3,231.82,20
I0002251,O000093,P00284,4,3174.21,5
I0002252,O001283,P00075,2,2148.04,5
I0002253,O000549,P00089,4,5682.4,15
I0002254,O000878,P00351,3,6277.68,15
I0002255,O000770,P00094,5,255.62,0
I0002256,O001121,P00329,4,1965.24,25
I0002257,O000978,P00190,1,6912.09,25
I0002258,O000520,P00141,1,5213.31,0
I0002259,O001276,P00016,1,2208.8,10
I0002260,O001356,P00099,2,1657.51,5
I0002261,O001171,P00076,2,6509.13,20
I0002262,O000827,P00441,5,6290.54,15
I0002263,O000075,P00465,4,3546.91,15
I0002264,O000152,P00486,2,1367.74,10
I0002265,O000164,P00496,2,7430.83,25
I0002266,O000897,P00190,2,6538.82,20
I0002267,O000695,P00029,4,4552.28,15
I0002268,O000974,P00548,5,5331.01,10
I0002269,O001306,P00361,2,2610.33,20
I0002270,O000237,P00317,2,2188.07,20
I0002271,O000633,P00392,3,6078.22,15
I0002272,O000478,P00343,2,749.27,0
I0002273,O001201,P00163,1,485.78,25
I0002274,O000996,P00025,3,1966.74,5
I0002275,O001311,P00290,5,6016.31,5
I0002276,O000103,P00492,1,3026.93,10
I0002277,O000628,P00476,4,5210.29,20
I0002278,O000822,P00446,4,4937.39,10
I0002279,O000183,P00461,3,894.57,0
I0002280,O000874,P00395,3,1077.85,0
I0002281,O000068,P00264,3,5853.15,0
I0002282,O000452,P00362,3,6301.58,0
I0002283,O001158,P00396,3,5141.6,0
I0002284,O000162,P00476,4,4760.65,20
I0002285,O001166,P00367,2,4067.94,0
I0002286,O000102,P00329,2,2121.16,15
I0002287,O000368,P00478,1,5733.19,0
I0002288,O000330,P00166,5,2743.51,20
I0002289,O000614,P00212,4,2687.6,0
I0002290,O000594,P00322,5,280.13,15
I0002291,O000806,P00344,5,6220.91,5
I0002292,O000508,P00424,4,6769.5,5
I0002293,O000454,P00269,3,3961.92,5
I0002294,O001254,P00075,3,1713.24,15
I0002295,O000497,P00251,5,2690.63,25
I0002296,O001185,P00265,3,4842.62,0
I0002297,O000541,P00277,4,3324.53,25
I0002298,O000460,P00176,2,3744.67,5
I0002299,O000263,P00513,4,4197.06,10
I0002300,O001371,P00224,5,506.89,20
I0002301,O000553,P00535,5,469.95,0
I0002302,O001170,P00107,1,2840.26,0
I0002303,O000981,P00178,1,7996.25,10
I0002304,O001063,P00335,3,1591.82,5
I0002305,O000690,P00423,3,1427.74,15
I0002306,O000077,P00136,2,3358.26,0
I0002307,O001161,P00310,3,2467.28,5
I0002308,O000304,P00391,1,596.29,0
I0002309,O000290,P00056,1,6158.15,25
I0002310,O000280,P00365,1,2557.71,0
I0002311,O000806,P00473,3,2337.32,15
I0002312,O000678,P00402,2,6004.65,20
I0002313,O001138,P00483,1,5194.89,25
I0002314,O001249,P00081,5,3537.65,0
I0002315,O001132,P00268,3,3426.0,5
I0002316,O000795,P00336,4,976.76,0
I0002317,O001128,P00229,5,1234.62,0
I0002318,O000391,P00304,2,5416.76,0
I0002319,O000510,P00139,1,4386.09,10
I0002320,O000543,P00300,2,5098.6,20
I0002321,O000617,P00111,1,4356.32,10
I0002322,O001382,P00426,5,7295.27,10
I0002323,O001131,P00029,1,4714.44,20
I0002324,O001166,P00322,2,274.77,10
I0002325,O001340,P00052,2,1406.88,20
I0002326,O000586,P00499,4,3139.41,5
I0002327,O000619,P00193,1,1752.83,5
I0002328,O000468,P00060,2,4979.34,25
I0002329,O000335,P00376,1,191.8,15
I0002330,O000801,P00288,4,4480.12,10
I0002331,O000408,P00345,2,2592.37,15
I0002332,O000479,P00157,5,4395.86,0
I0002333,O000822,P00138,3,3404.42,0
I0002334,O000021,P00221,2,3241.19,0
I0002335,O000837,P00203,3,1330.58,0
I0002336,O000935,P00126,4,2429.69,25
I0002337,O000875,P00011,4,306.53,10
I0002338,O000511,P00356,3,3147.16,0
I0002339,O001315,P00178,3,6862.72,0
I0002340,O000473,P00081,2,4361.01,15
I0002341,O000350,P00265,4,4416.02,0
I0002342,O000096,P00278,2,4874.22,5
I0002343,O001191,P00470,1,1365.0,25
I0002344,O000931,P00017,1,3357.69,0
I0002345,O000107,P00136,3,4310.85,0
I0002346,O000531,P00450,4,3728.41,15
I0002347,O000976,P00474,1,369.25,20
I0002348,O000534,P00508,3,3695.86,15
I0002349,O000103,P00188,3,3203.2,20
I0002350,O000903,P00233,5,4176.12,20
I0002351,O000696,P00481,2,1087.19,0
I0002352,O000649,P00185,2,1505.08,25
I0002353,O000808,P00352,4,5722.67,5
I0002354,O000302,P00261,5,5530.34,10
I0002355,O000925,P00256,2,3820.61,0
I0002356,O000267,P00191,1,4241.26,0
I0002357,O000938,P00123,5,1564.74,0
I0002358,O001133,P00242,3,1987.02,20
I0002359,O000931,P00052,1,1922.18,25
I0002360,O000074,P00497,3,5206.51,0
I0002361,O000213,P00155,3,218.49,15
I0002362,O000365,P00258,3,4380.79,20
I0002363,O000209,P00113,4,5843.21,0
I0002364,O000522,P00505,4,5300.96,15
I0002365,O000335,P00466,2,1678.43,25
I0002366,O000296,P00297,2,947.17,0
I0002367,O000534,P00386,3,7576.83,20
I0002368,O000400,P00392,2,7610.46,0
I0002369,O000594,P00201,2,850.91,10
I0002370,O001029,P00019,3,1311.46,10
I0002371,O001189,P00521,5,2883.72,0
I0002372,O000043,P00278,4,6426.46,0
I0002373,O001400,P00384,5,700.85,15
I0002374,O001254,P00358,1,2156.07,5
I0002375,O001018,P00195,4,601.24,20
I0002376,O000875,P00187,4,7460.47,0
I0002377,O000649,P00164,5,2082.51,5
I0002378,O001020,P00190,4,6100.27,25
I0002379,O000735,P00175,2,1154.84,0
I0002380,O000818,P00429,1,1504.44,0
I0002381,O000275,P00146,5,128.43,5
I0002382,O001214,P00162,2,1920.87,0
I0002383,O000448,P00331,4,410.19,15
I0002384,O001362,P00326,3,7163.68,10
I0002385,O000501,P00239,4,4316.47,20
I0002386,O000353,P00158,4,7689.02,20
I0002387,O000088,P00304,2,4655.89,0
I0002388,O001277,P00344,3,6659.77,20
I0002389,O000399,P00348,1,160.99,0
I0002390,O000083,P00229,5,1064.15,15
I0002391,O000322,P00548,2,4154.58,20
I0002392,O000311,P00086,2,157.05,25
I0002393,O000763,P00178,1,7960.06,15
I0002394,O001103,P00116,3,5978.79,10
I0002395,O001023,P00428,5,4176.98,5
I0002396,O001194,P00009,1,2970.02,5
I0002397,O001101,P00269,5,3534.54,5
I0002398,O001380,P00313,2,3845.95,25
I0002399,O001168,P00398,2,4661.23,10
I0002400,O000984,P00453,5,603.56,5
I0002401,O000795,P00534,3,5709.26,5
I0002402,O000244,P00409,3,1403.38,20
I0002403,O000607,P00133,2,7731.6,0
I0002404,O000297,P00145,4,2424.82,0
I0002405,O000626,P00188,1,3611.08,0
I0002406,O001253,P00292,2,1977.55,0
I0002407,O000995,P00116,3,8155.29,15
I0002408,O000965,P00115,1,4155.71,10
I0002409,O001205,P00158,4,7098.05,15
I0002410,O001079,P00285,5,4901.0,0
I0002411,O000228,P00527,2,4508.82,0
I0002412,O000885,P00059,2,2838.19,0
I0002413,O000128,P00173,1,2702.33,0
I0002414,O000690,P00166,5,2443.52,10
I0002415,O000008,P00194,1,5013.56,0
I0002416,O000554,P00335,2,1521.66,15
I0002417,O000004,P00241,5,1848.56,15
I0002418,O001262,P00166,4,2418.48,25
I0002419,O000924,P00064,1,5506.84,20
I0002420,O000937,P00443,2,8131.48,0
I0002421,O001139,P00233,2,5802.41,0
I0002422,O000790,P00514,5,8016.41,0
I0002423,O000835,P00220,4,4600.55,0
I0002424,O001301,P00518,3,3694.18,20
I0002425,O000815,P00413,2,136.45,0
I0002426,O000625,P00445,5,8655.2,0
I0002427,O000389,P00001,1,1238.84,15
I0002428,O000463,P00161,2,1243.94,0
I0002429,O001041,P00102,5,3831.62,0
I0002430,O000945,P00358,2,2133.53,20
I0002431,O000977,P00065,5,6388.03,25
I0002432,O000988,P00021,4,2466.6,0
I0002433,O001289,P00045,4,5546.6,25
I0002434,O001301,P00172,1,3390.02,15
I0002435,O001340,P00536,1,5006.61,0
I0002436,O000261,P00077,5,3474.57,10
I0002437,O000944,P00420,1,2476.85,20
I0002438,O001216,P00114,3,1756.85,25
I0002439,O001109,P00547,2,6385.12,5
I0002440,O001384,P00510,2,1995.11,20
I0002441,O000772,P00155,4,199.99,25
I0002442,O000788,P00409,5,1494.17,15
I0002443,O000193,P00363,5,1399.5,10
I0002444,O001264,P00210,3,4416.96,15
I0002445,O000668,P00167,3,4838.59,5
I0002446,O000911,P00446,1,5883.78,0
I0002447,O000550,P00024,4,7771.25,0
I0002448,O001209,P00422,4,4572.42,5
I0002449,O001176,P00065,4,7193.95,10
I0002450,O000008,P00023,5,1908.15,15
I0002451,O001393,P00469,3,417.3,15
I0002452,O001170,P00361,5,2030.87,5
I0002453,O000397,P00078,5,1534.98,25
I0002454,O000231,P00517,3,5553.56,0
I0002455,O001063,P00296,4,8705.06,5
I0002456,O001191,P00212,4,3050.39,15
I0002457,O000600,P00110,4,4230.08,15
I0002458,O000594,P00029,3,3911.49,25
I0002459,O000808,P00171,5,2958.39,5
I0002460,O000065,P00176,1,3957.31,0
I0002461,O000813,P00470,1,1166.14,15
I0002462,O001115,P00063,1,738.93,15
I0002463,O001066,P00259,3,1895.29,0
I0002464,O001106,P00001,5,1479.18,0
I0002465,O000989,P00043,3,739.83,25
I0002466,O001219,P00243,5,4394.95,5
I0002467,O000712,P00109,5,5128.67,25
I0002468,O000306,P00243,1,4697.74,10
I0002469,O000097,P00380,1,4626.48,0
I0002470,O001391,P00354,4,1108.68,15
I0002471,O000036,P00365,2,2679.55,5
I0002472,O000199,P00397,3,3871.24,25
I0002473,O001109,P00197,4,4331.78,5
I0002474,O001167,P00443,4,6053.09,25
I0002475,O001339,P00492,1,3204.09,10
I0002476,O001317,P00166,4,3123.37,0
I0002477,O000876,P00116,2,6585.95,20
I0002478,O000473,P00126,1,2333.31,5
I0002479,O000270,P00311,3,6797.64,0
I0002480,O000562,P00403,4,2763.75,10
I0002481,O000338,P00411,3,6184.5,0
I0002482,O000259,P00387,2,3453.45,5
I0002483,O000281,P00447,4,411.21,10
I0002484,O000371,P00183,2,2391.62,0
I0002485,O000442,P00340,2,6147.48,20
I0002486,O000061,P00302,4,5632.27,5
I0002487,O000622,P00492,4,3843.7,20
I0002488,O001224,P00334,3,4724.23,10
I0002489,O000198,P00335,2,1931.07,25
I0002490,O000462,P00238,5,1515.81,10
I0002491,O000589,P00084,2,1058.9,5
I0002492,O000341,P00224,1,486.01,25
I0002493,O000511,P00058,1,2388.18,20
I0002494,O000140,P00190,1,7222.43,25
I0002495,O001311,P00484,2,5907.16,10
I0002496,O000872,P00507,2,2948.7,15
I0002497,O000710,P00253,5,3976.53,20
I0002498,O000666,P00329,5,1708.88,15
I0002499,O001396,P00313,2,5461.89,0
I0002500,O000832,P00321,1,388.49,15
I0002501,O000755,P00336,4,1149.87,10
I0002502,O000689,P00069,1,2384.92,15
I0002503,O000632,P00049,3,1789.95,5
I0002504,O000630,P00459,4,1673.85,0
I0002505,O000731,P00375,2,269.66,5
I0002506,O000606,P00449,5,2676.8,25
I0002507,O000730,P00473,1,2105.79,20
I0002508,O000533,P00471,2,6654.6,15
I0002509,O000683,P00209,1,5026.63,15
I0002510,O000456,P00548,1,4418.25,15
I0002511,O000171,P00223,4,2843.44,0
I0002512,O001320,P00206,2,7308.35,15
I0002513,O000077,P00187,4,7115.91,15
I0002514,O001141,P00548,2,4162.8,25
I0002515,O001113,P00179,4,2248.37,0
I0002516,O000891,P00293,5,1190.37,20
I0002517,O000372,P00065,3,5829.98,20
I0002518,O000670,P00314,4,7242.19,0
I0002519,O000989,P00336,2,1236.59,25
I0002520,O000208,P00525,1,1174.27,25
I0002521,O000871,P00110,3,4091.66,0
I0002522,O000782,P00300,3,5289.25,20
I0002523,O000776,P00491,4,3891.83,15
I0002524,O000134,P00408,5,632.2,0
I0002525,O000280,P00215,4,3811.98,15
I0002526,O001289,P00264,4,8083.28,5
I0002527,O001249,P00350,1,4921.74,15
I0002528,O000230,P00030,1,5977.13,15
I0002529,O000467,P00349,4,3472.26,15
I0002530,O000336,P00240,3,1256.92,0
I0002531,O000595,P00420,5,2465.29,0
I0002532,O000568,P00302,4,6823.01,15
I0002533,O001269,P00530,3,1909.04,25
I0002534,O000760,P00469,5,407.28,15
I0002535,O000673,P00380,4,6093.71,15
I0002536,O000259,P00357,5,2875.98,20
I0002537,O000106,P00114,5,1582.65,0
I0002538,O000948,P00452,5,1207.52,15
I0002539,O000613,P00076,2,7336.43,0
I0002540,O000947,P00463,1,1964.08,5
I0002541,O000538,P00542,3,8567.85,25
I0002542,O000423,P00102,3,3402.82,25
I0002543,O000802,P00164,5,2572.42,0
I0002544,O000446,P00085,2,655.96,0
I0002545,O000700,P00541,5,2583.59,25
I0002546,O000168,P00550,1,1092.94,15
I0002547,O000164,P00504,5,5447.47,5
I0002548,O001265,P00012,1,4950.09,25
I0002549,O000912,P00171,1,2538.86,0
I0002550,O000303,P00380,3,5920.65,10
I0002551,O000426,P00434,5,4908.95,25
I0002552,O001287,P00383,1,5280.64,5
I0002553,O000043,P00517,5,6345.02,10
I0002554,O000400,P00013,3,1612.87,10
I0002555,O000250,P00021,1,2548.39,25
I0002556,O000510,P00082,1,8396.88,15
I0002557,O000972,P00129,5,476.5,20
I0002558,O000249,P00323,3,3030.04,10
I0002559,O000121,P00044,5,538.38,5
I0002560,O001029,P00548,1,5468.74,0
I0002561,O000125,P00291,3,4983.7,5
I0002562,O000424,P00218,4,2583.54,5
I0002563,O000422,P00544,4,4673.49,10
I0002564,O000162,P00144,4,4947.22,5
I0002565,O000822,P00522,5,7052.86,0
I0002566,O001268,P00362,2,5255.92,0
I0002567,O000659,P00342,5,927.46,25
I0002568,O000752,P00441,1,6725.05,5
I0002569,O000177,P00462,2,1413.42,25
I0002570,O000491,P00396,4,5476.71,15
I0002571,O000711,P00191,3,5676.32,0
I0002572,O000595,P00104,4,2096.8,20
I0002573,O001041,P00044,2,582.6,10
I0002574,O000936,P00498,2,1568.91,0
I0002575,O000840,P00432,4,3597.75,0
I0002576,O001068,P00303,2,3108.49,25
I0002577,O000141,P00262,3,8050.52,20
I0002578,O000072,P00423,1,1670.66,15
I0002579,O001300,P00473,3,2359.62,5
I0002580,O000839,P00549,3,3294.87,0
I0002581,O000077,P00383,1,4085.75,15
I0002582,O001005,P00002,2,3600.92,0
I0002583,O000997,P00271,2,1722.19,10
I0002584,O000210,P00138,5,2993.92,5
I0002585,O000238,P00278,4,5794.98,15
I0002586,O000650,P00236,5,5018.98,0
I0002587,O000092,P00422,5,3700.19,10
I0002588,O001284,P00267,5,6358.38,0
I0002589,O001036,P00178,2,7344.48,25
I0002590,O001043,P00285,5,5737.44,5
I0002591,O000230,P00328,3,923.92,0
I0002592,O000930,P00337,5,3377.53,10
I0002593,O000545,P00127,4,6878.55,0
I0002594,O001147,P00436,5,1470.09,25
I0002595,O000555,P00109,4,5892.17,25
I0002596,O000625,P00036,2,2757.82,15
I0002597,O000134,P00516,5,2093.02,0
I0002598,O001336,P00482,4,3150.88,15
I0002599,O000440,P00228,2,3778.3,25
I0002600,O000029,P00487,4,6895.39,0
I0002601,O001240,P00239,1,3526.49,0
I0002602,O001050,P00358,2,2202.7,25
I0002603,O000382,P00430,1,6015.93,10
I0002604,O000542,P00137,3,4684.63,0
I0002605,O001342,P00269,1,4889.12,25
I0002606,O001252,P00239,1,3565.73,20
I0002607,O000946,P00365,4,1964.18,5
I0002608,O000041,P00287,1,4282.5,20
I0002609,O000558,P00507,5,2233.23,0
I0002610,O000761,P00164,3,2586.04,0
I0002611,O001273,P00078,1,1359.72,15
I0002612,O001300,P00317,1,2457.93,0
I0002613,O000954,P00284,5,2726.12,20
I0002614,O000799,P00487,2,7269.63,25
I0002615,O000376,P00417,2,3658.24,0
I0002616,O000296,P00508,3,3346.17,0
I0002617,O000354,P00272,2,1317.39,0
I0002618,O000106,P00547,5,4826.45,5
I0002619,O000884,P00392,5,5830.58,10
I0002620,O000973,P00221,1,2924.71,15
I0002621,O001337,P00409,4,1173.09,0
I0002622,O001218,P00036,1,2185.23,25
I0002623,O000849,P00243,4,4370.13,0
I0002624,O000839,P00370,2,8760.75,15
I0002625,O000695,P00032,1,5184.81,15
I0002626,O000123,P00321,1,384.84,0
I0002627,O001154,P00140,3,6902.47,0
I0002628,O001261,P00473,2,2008.6,0
I0002629,O000352,P00036,4,2021.5,0
I0002630,O000780,P00210,5,4521.15,20
I0002631,O000155,P00522,4,7291.05,10
I0002632,O000246,P00146,2,128.25,25
I0002633,O000573,P00260,3,2679.39,25
I0002634,O000228,P00115,4,3730.05,15
I0002635,O000013,P00071,4,2256.96,5
I0002636,O000111,P00251,4,2832.54,0
I0002637,O000601,P00231,3,2092.45,0
I0002638,O000296,P00189,3,5236.18,10
I0002639,O000702,P00016,2,1680.42,15
I0002640,O000291,P00277,1,4869.09,20
I0002641,O000557,P00018,5,3783.51,25
I0002642,O000370,P00457,4,5028.54,0
I0002643,O000862,P00214,2,2816.8,5
I0002644,O000461,P00324,1,8698.42,10
I0002645,O001335,P00419,1,3148.07,25
I0002646,O000050,P00308,5,6234.4,20
I0002647,O000707,P00138,3,3739.81,5
I0002648,O000783,P00360,1,3705.86,0
I0002649,O001367,P00109,5,4480.04,15
I0002650,O000881,P00094,2,250.5,10
I0002651,O001098,P00293,5,1572.42,5
I0002652,O000877,P00491,5,3702.98,15
I0002653,O000439,P00432,2,4421.37,0
I0002654,O001077,P00010,5,1955.44,10
I0002655,O001047,P00266,1,5688.72,10
I0002656,O000225,P00091,5,4311.65,10
I0002657,O001162,P00299,5,5555.66,10
I0002658,O000104,P00308,1,5044.72,20
I0002659,O000805,P00542,2,7637.94,20
I0002660,O000668,P00131,2,3138.86,5
I0002661,O000896,P00276,5,5304.01,0
I0002662,O000241,P00517,2,5122.93,15
I0002663,O000562,P00421,3,4219.42,0
I0002664,O000136,P00010,2,2583.33,0
I0002665,O000030,P00504,2,5649.02,5
I0002666,O000447,P00002,2,2419.01,0
I0002667,O001063,P00019,5,1097.37,25
I0002668,O000929,P00299,4,5838.95,0
I0002669,O001058,P00005,1,7403.19,25
I0002670,O000517,P00093,1,3453.09,25
I0002671,O001188,P00003,1,6490.94,25
I0002672,O001163,P00095,4,6683.68,20
I0002673,O000285,P00156,2,3203.23,0
I0002674,O001379,P00468,5,6298.16,25
I0002675,O000092,P00471,5,6941.84,15
I0002676,O001113,P00345,3,3520.42,0
I0002677,O000529,P00436,4,1176.28,0
I0002678,O001223,P00052,1,1895.84,15
I0002679,O000449,P00528,3,3364.05,0
I0002680,O000913,P00100,2,1743.34,0
I0002681,O000652,P00536,1,3723.9,15
I0002682,O000676,P00379,3,3860.71,25
I0002683,O000038,P00317,2,1840.43,5
I0002684,O000744,P00013,1,1671.2,25
I0002685,O000846,P00245,3,2909.72,10
I0002686,O001178,P00330,4,5239.52,5
I0002687,O000560,P00291,5,4955.86,10
I0002688,O000110,P00453,2,563.48,15
I0002689,O001319,P00142,3,789.58,25
I0002690,O000188,P00143,5,3145.16,0
I0002691,O001052,P00142,2,709.99,25
I0002692,O000306,P00296,1,8756.07,10
I0002693,O001088,P00145,1,2611.33,0
I0002694,O000666,P00509,3,2458.43,10
I0002695,O001305,P00233,3,5759.75,10
I0002696,O000456,P00320,2,5568.21,10
I0002697,O000604,P00018,1,3425.86,15
I0002698,O000286,P00097,5,4072.42,5
I0002699,O000238,P00110,5,4093.28,0
I0002700,O000709,P00181,3,2590.15,5
I0002701,O000065,P00408,1,436.19,15
I0002702,O000114,P00178,2,6556.7,10
I0002703,O000175,P00025,1,1490.55,0
I0002704,O000939,P00535,2,467.02,0
I0002705,O000261,P00180,2,7459.03,20
I0002706,O000719,P00438,1,2237.18,0
I0002707,O000767,P00271,5,1431.68,20
I0002708,O000666,P00440,4,5090.2,25
I0002709,O000782,P00265,3,5385.02,5
I0002710,O000901,P00182,2,5946.51,0
I0002711,O000052,P00308,4,4422.24,0
I0002712,O000015,P00341,2,608.26,20
I0002713,O001008,P00210,3,5012.61,5
I0002714,O001144,P00241,3,1864.8,0
I0002715,O001096,P00503,4,1699.44,5
I0002716,O000940,P00104,2,2490.82,0
I0002717,O000008,P00404,4,2135.2,25
I0002718,O000720,P00429,4,1877.52,25
I0002719,O000267,P00410,2,1823.36,0
I0002720,O001118,P00453,4,656.66,25
I0002721,O000601,P00277,5,4076.28,25
I0002722,O001185,P00083,2,4747.13,0
I0002723,O000075,P00371,1,1055.87,0
I0002724,O001026,P00523,3,5450.91,5
I0002725,O000482,P00150,2,3914.46,5
I0002726,O000110,P00215,3,3398.88,10
I0002727,O000313,P00388,5,5244.03,0
I0002728,O001305,P00089,3,6671.88,5
I0002729,O000731,P00365,2,2077.23,25
I0002730,O000819,P00177,1,3888.91,5
I0002731,O000254,P00290,1,5146.67,20
I0002732,O001120,P00505,2,6009.37,15
I0002733,O000511,P00151,4,2508.25,20
I0002734,O000629,P00440,2,5092.39,20
I0002735,O001030,P00295,5,8024.52,20
I0002736,O001059,P00067,5,3890.81,25
I0002737,O000048,P00430,5,7075.23,10
I0002738,O000712,P00266,1,5890.55,25
I0002739,O000373,P00104,1,1952.11,25
I0002740,O000402,P00380,3,6143.2,5
I0002741,O000507,P00085,2,711.9,0
I0002742,O000637,P00412,1,1886.01,15
I0002743,O000491,P00435,1,5724.72,0
I0002744,O000109,P00518,4,5220.42,0
I0002745,O000413,P00168,1,3790.99,10
I0002746,O000184,P00051,1,2647.59,0
I0002747,O000610,P00014,2,1009.52,10
I0002748,O000220,P00120,2,259.14,10
I0002749,O000956,P00102,5,3874.88,15
I0002750,O000215,P00425,1,725.4,25
I0002751,O000727,P00398,2,4272.29,15
I0002752,O000530,P00053,5,6060.64,20
I0002753,O001073,P00292,4,2044.01,5
I0002754,O000158,P00010,1,1900.98,10
I0002755,O000692,P00349,2,3408.5,20
I0002756,O000968,P00123,1,1541.85,15
I0002757,O001071,P00542,4,8038.44,10
I0002758,O001227,P00141,4,6635.74,20
I0002759,O000230,P00233,4,5710.42,0
I0002760,O001132,P00437,1,319.02,0
I0002761,O000266,P00482,2,3318.71,20
I0002762,O000986,P00394,3,524.09,0
I0002763,O000994,P00549,2,2724.73,0
I0002764,O000859,P00042,4,7091.3,0
I0002765,O000588,P00008,2,6312.96,20
I0002766,O000954,P00376,3,254.36,15
I0002767,O000348,P00033,1,1295.15,20
I0002768,O000277,P00301,2,1737.53,10
I0002769,O000249,P00191,2,4864.2,0
I0002770,O001370,P00394,5,581.54,15
I0002771,O000532,P00361,4,2132.39,10
I0002772,O000907,P00021,4,2653.82,5
I0002773,O001270,P00068,4,6015.52,0
I0002774,O000184,P00374,2,6653.38,20
I0002775,O000611,P00119,4,7876.63,10
I0002776,O000984,P00075,1,2364.53,0
I0002777,O000096,P00203,3,1605.9,25
I0002778,O000321,P00536,3,4061.33,0
I0002779,O001103,P00116,5,7955.52,15
I0002780,O001110,P00141,3,6863.69,15
I0002781,O000049,P00068,2,4495.2,0
I0002782,O000153,P00436,5,1385.85,5
I0002783,O000302,P00235,1,5577.78,0
I0002784,O000747,P00387,4,4508.69,20
I0002785,O000828,P00398,3,4318.73,0
I0002786,O000676,P00237,5,136.49,15
I0002787,O000007,P00093,1,3789.97,25
I0002788,O001022,P00122,3,6753.59,25
I0002789,O001036,P00160,4,5840.91,15
I0002790,O000656,P00435,1,5669.2,15
I0002791,O000228,P00346,3,4149.55,25
I0002792,O001010,P00079,4,3469.84,0
I0002793,O001213,P00138,2,3137.87,15
I0002794,O000202,P00510,5,2316.38,5
I0002795,O001310,P00159,4,3552.07,20
I0002796,O000466,P00473,2,2231.26,0
I0002797,O000600,P00158,3,6623.98,20
I0002798,O000866,P00379,3,4280.41,10
I0002799,O000734,P00145,1,2297.53,0
I0002800,O000417,P00028,4,3907.8,15
I0002801,O000741,P00475,1,6129.45,5
I0002802,O001314,P00493,5,5683.77,10
I0002803,O000201,P00063,2,843.21,5
I0002804,O000033,P00234,5,3375.34,10
I0002805,O000618,P00304,1,4793.36,5
I0002806,O000786,P00471,2,5958.22,15
I0002807,O000532,P00177,3,4050.69,10
I0002808,O000303,P00541,4,2716.44,0
I0002809,O000094,P00529,3,523.56,10
I0002810,O000022,P00257,2,5122.98,10
I0002811,O000980,P00212,2,3542.46,25
I0002812,O000427,P00212,3,3279.12,10
I0002813,O000284,P00488,4,6413.63,0
I0002814,O000884,P00224,5,489.71,25
I0002815,O000107,P00487,5,5864.61,20
I0002816,O001059,P00031,3,6910.17,15
I0002817,O001392,P00403,5,2316.29,0
I0002818,O000482,P00343,3,796.89,5
I0002819,O001237,P00027,5,7894.75,10
I0002820,O000857,P00205,5,7957.95,5
I0002821,O000528,P00461,4,1026.45,5
I0002822,O000843,P00197,3,3982.74,20
I0002823,O001220,P00486,5,1820.62,10
I0002824,O000522,P00348,3,157.63,25
I0002825,O000057,P00079,5,3338.35,25
I0002826,O000302,P00540,3,5058.32,10
I0002827,O000267,P00216,4,3133.05,0
I0002828,O000361,P00185,1,1259.89,20
I0002829,O000212,P00151,4,2638.39,0
I0002830,O001334,P00476,3,6514.04,10
I0002831,O000219,P00124,4,4169.59,0
I0002832,O001264,P00302,2,7189.38,5
I0002833,O000550,P00117,3,7668.15,10
I0002834,O000768,P00239,1,3812.58,0
I0002835,O000017,P00436,5,1087.05,25
I0002836,O000061,P00184,2,1848.69,20
I0002837,O001126,P00424,5,5931.25,5
I0002838,O000551,P00189,4,6243.5,0
I0002839,O001119,P00063,4,686.75,0
I0002840,O000040,P00462,4,1557.89,25
I0002841,O000398,P00083,4,5635.58,25
I0002842,O000023,P00041,3,1906.74,5
I0002843,O000379,P00204,2,431.41,10
I0002844,O000573,P00188,3,3190.34,0
I0002845,O000328,P00116,4,7115.74,25
I0002846,O000495,P00455,4,2178.02,0
I0002847,O000067,P00228,5,4307.38,25
I0002848,O000125,P00333,3,2835.7,5
I0002849,O001237,P00333,1,2918.17,15
I0002850,O000947,P00231,2,1978.11,25
I0002851,O001108,P00506,2,4188.85,0
I0002852,O000456,P00121,4,4181.74,0
I0002853,O000880,P00306,5,3951.09,25
I0002854,O000927,P00441,4,6117.81,5
I0002855,O000341,P00176,4,4668.56,5
I0002856,O001205,P00365,2,2291.21,15
I0002857,O000928,P00383,1,5082.27,15
I0002858,O000006,P00446,3,5197.29,10
I0002859,O000045,P00373,4,4478.24,15
I0002860,O001158,P00011,1,423.57,25
I0002861,O000096,P00176,5,3960.75,25
I0002862,O000613,P00080,3,8564.02,0
I0002863,O000531,P00034,3,1501.96,0
I0002864,O000322,P00231,2,1720.13,0
I0002865,O000355,P00254,2,3629.17,0
I0002866,O000138,P00251,3,1937.64,25
I0002867,O000705,P00384,3,841.16,0
I0002868,O000464,P00117,5,8079.41,5
I0002869,O000463,P00337,1,4515.4,15
I0002870,O001148,P00517,5,5263.06,25
I0002871,O000397,P00214,5,2937.83,0
I0002872,O000604,P00198,2,4710.26,10
I0002873,O000874,P00168,5,3840.03,25
I0002874,O001156,P00028,3,5207.41,15
I0002875,O000259,P00237,1,173.11,25
I0002876,O000186,P00276,3,5050.01,15
I0002877,O000683,P00059,4,3223.81,10
I0002878,O001232,P00321,5,480.14,0
I0002879,O000498,P00121,2,5283.99,10
I0002880,O000986,P00203,1,1325.91,15
I0002881,O000328,P00381,3,4378.48,0
I0002882,O001220,P00394,2,583.96,5
I0002883,O000417,P00096,5,1055.96,5
I0002884,O000272,P00101,5,613.38,10
I0002885,O000205,P00078,2,1359.12,0
I0002886,O000868,P00411,2,7673.82,5
I0002887,O000310,P00485,3,299.74,15
I0002888,O000785,P00409,3,1136.9,0
I0002889,O000872,P00027,5,6039.15,25
I0002890,O000010,P00235,1,6825.98,0
I0002891,O000646,P00546,3,6023.33,5
I0002892,O000341,P00063,2,917.29,0
I0002893,O000680,P00363,2,1541.04,5
I0002894,O000430,P00097,3,4340.76,0
I0002895,O001311,P00103,5,6254.51,0
I0002896,O000905,P00051,5,2343.5,15
I0002897,O000535,P00473,2,2012.4,0
I0002898,O000269,P00384,3,634.76,0
I0002899,O000484,P00514,5,8121.44,5
I0002900,O000225,P00330,5,5206.34,20
I0002901,O001112,P00008,3,6154.51,0
I0002902,O001299,P00442,4,845.34,15
I0002903,O000481,P00204,2,492.95,15
I0002904,O000196,P00441,3,6022.88,15
I0002905,O000697,P00059,2,2890.94,15
I0002906,O000564,P00297,4,922.22,15
I0002907,O000736,P00342,5,852.59,15
I0002908,O000352,P00197,5,4831.92,5
I0002909,O000277,P00448,4,6484.51,0
I0002910,O000546,P00019,5,1107.07,0
I0002911,O000625,P00173,3,3940.18,25
I0002912,O000165,P00327,3,1441.07,10
I0002913,O000326,P00173,5,2927.68,25
I0002914,O000218,P00359,1,1977.45,5
I0002915,O000615,P00416,2,1410.32,15
I0002916,O001207,P00422,2,4223.6,0
I0002917,O000348,P00014,1,965.92,0
I0002918,O000589,P00281,1,2381.72,0
I0002919,O001241,P00012,1,5034.82,10
I0002920,O000909,P00404,2,1735.6,10
I0002921,O000538,P00409,1,1577.88,5
I0002922,O000740,P00054,5,5474.97,0
I0002923,O000584,P00069,4,2164.75,0
I0002924,O000154,P00238,5,1343.66,25
I0002925,O000450,P00087,5,3130.7,25
I0002926,O001269,P00206,5,6312.53,0
I0002927,O000192,P00306,4,4003.55,15
I0002928,O000012,P00228,4,4234.15,10
I0002929,O000295,P00022,5,5731.46,20
I0002930,O000820,P00039,3,3861.96,0
I0002931,O000971,P00429,1,1905.53,25
I0002932,O000577,P00133,4,6451.64,15
I0002933,O000031,P00363,1,1683.6,0
I0002934,O000410,P00475,2,5839.22,0
I0002935,O001350,P00456,4,5495.11,0
I0002936,O000406,P00114,2,2023.75,0
I0002937,O000531,P00013,5,1731.62,0
I0002938,O000282,P00446,3,6314.65,20
I0002939,O000715,P00102,4,3193.17,25
I0002940,O000403,P00295,1,7033.64,10
I0002941,O001072,P00482,4,2708.88,10
I0002942,O000427,P00033,4,1362.91,15
I0002943,O001278,P00300,2,6302.19,25
I0002944,O000143,P00285,4,5781.94,25
I0002945,O001048,P00349,1,3435.94,0
I0002946,O001270,P00089,4,7172.85,0
I0002947,O000375,P00177,3,2984.28,0
I0002948,O000449,P00294,5,2205.93,5
I0002949,O001017,P00274,1,3622.64,5
I0002950,O000687,P00354,4,1289.9,15
I0002951,O000524,P00399,5,1324.41,25
I0002952,O000736,P00012,2,5355.26,25
I0002953,O000462,P00549,3,2770.93,25
I0002954,O001146,P00141,4,6172.67,5
I0002955,O000406,P00479,2,1022.71,20
I0002956,O001338,P00273,1,3456.36,0
I0002957,O001026,P00348,2,209.89,20
I0002958,O000549,P00321,4,399.27,10
I0002959,O000658,P00286,2,1855.97,15
I0002960,O001192,P00017,1,3435.91,10
I0002961,O000537,P00547,1,6335.76,0
I0002962,O001327,P00313,4,5064.78,20
I0002963,O000455,P00097,3,3919.13,15
I0002964,O000435,P00269,3,4218.87,10
I0002965,O001111,P00385,1,4286.58,25
I0002966,O000526,P00360,4,5268.65,25
I0002967,O001392,P00479,2,1169.52,25
I0002968,O001134,P00240,4,1754.49,25
I0002969,O001350,P00069,3,1878.45,20
I0002970,O000764,P00090,5,265.99,20
I0002971,O000306,P00035,1,3546.34,20
I0002972,O000226,P00171,5,2068.82,15
I0002973,O000084,P00316,3,6697.77,20
I0002974,O000595,P00395,1,1192.29,5
I0002975,O000069,P00422,4,3576.37,0
I0002976,O000910,P00234,2,2756.14,10
I0002977,O000433,P00522,2,5566.42,10
I0002978,O000046,P00451,2,4965.52,10
I0002979,O000278,P00124,5,3756.75,0
I0002980,O000974,P00431,4,2224.48,20
I0002981,O001259,P00288,1,3862.81,15
I0002982,O001326,P00463,5,2444.45,5
I0002983,O000675,P00224,5,481.47,25
I0002984,O000965,P00048,4,6015.03,15
I0002985,O000624,P00425,2,673.88,0
I0002986,O001032,P00528,5,4122.25,10
I0002987,O001306,P00025,3,1627.06,0
I0002988,O000283,P00310,5,2169.28,0
I0002989,O000538,P00467,1,833.89,15
I0002990,O001117,P00433,1,8574.24,20
I0002991,O000834,P00454,1,554.32,0
I0002992,O000824,P00063,1,936.91,15
I0002993,O000393,P00016,4,2267.84,15
I0002994,O001261,P00182,5,5113.47,15
I0002995,O001005,P00550,2,898.73,0
I0002996,O000418,P00429,3,1775.53,0
I0002997,O000938,P00475,1,7037.62,0
I0002998,O000631,P00547,4,6190.6,0
I0002999,O000598,P00415,5,2421.96,0
I0003000,O000179,P00549,2,3115.85,0
I0003001,O001311,P00335,3,1763.87,0
I0003002,O000735,P00116,3,7703.96,15
I0003003,O000055,P00429,4,1917.22,15
I0003004,O001264,P00184,1,1492.47,15
I0003005,O000005,P00450,2,3318.24,15
I0003006,O000557,P00544,2,4384.5,15
I0003007,O000112,P00285,2,6305.56,25
I0003008,O001104,P00078,4,1156.49,10
I0003009,O000792,P00515,1,905.04,20
I0003010,O001389,P00278,2,4844.06,20
I0003011,O000107,P00541,5,1974.27,20
I0003012,O001348,P00259,5,1929.1,25
I0003013,O000673,P00524,1,5694.58,10
I0003014,O000975,P00048,1,4491.22,15
I0003015,O001292,P00160,4,4759.98,10
I0003016,O000064,P00050,2,6571.17,15
I0003017,O001312,P00033,5,1415.77,25
I0003018,O000327,P00068,4,5371.54,15
I0003019,O000850,P00170,5,2416.0,20
I0003020,O001079,P00304,3,4454.42,0
I0003021,O000302,P00020,4,1860.18,20
I0003022,O000377,P00348,5,192.89,10
I0003023,O000155,P00283,1,6272.85,0
I0003024,O000231,P00434,5,6010.13,10
I0003025,O000968,P00113,2,6471.14,0
I0003026,O000068,P00016,5,1949.54,25
I0003027,O001280,P00018,2,3479.79,0
I0003028,O000399,P00180,4,7763.22,5
I0003029,O000448,P00288,3,4456.59,15
I0003030,O001315,P00391,2,493.29,15
I0003031,O000167,P00497,1,4054.11,20
I0003032,O000611,P00303,2,3228.07,5
I0003033,O001222,P00221,4,2934.25,0
I0003034,O000940,P00160,2,4896.44,0
I0003035,O000546,P00188,5,3449.6,10
I0003036,O001250,P00061,2,1949.22,25
I0003037,O000271,P00460,1,1312.65,5
I0003038,O000652,P00249,4,636.02,25
I0003039,O000721,P00316,1,5847.0,20
I0003040,O001027,P00436,3,1356.22,20
I0003041,O000753,P00546,4,5822.85,5
I0003042,O000820,P00017,2,3492.82,5
I0003043,O000301,P00523,5,4501.71,25
I0003044,O000510,P00463,4,2454.89,5
I0003045,O000312,P00410,4,2402.56,0
I0003046,O000079,P00237,4,145.57,25
I0003047,O001280,P00475,5,7635.63,10
I0003048,O000151,P00291,5,3685.61,15
I0003049,O000993,P00318,5,3101.51,25
I0003050,O000104,P00179,2,2680.83,0
I0003051,O000378,P00538,4,5606.56,10
I0003052,O000787,P00132,1,6928.78,0
I0003053,O001195,P00465,5,3328.25,0
I0003054,O001250,P00354,4,1377.15,15
I0003055,O001236,P00159,5,4846.59,20
I0003056,O000657,P00254,2,4976.5,20
I0003057,O001139,P00489,4,1030.31,20
I0003058,O001252,P00508,4,3348.88,25
I0003059,O000617,P00445,1,6192.41,5
I0003060,O000101,P00538,2,6531.94,25
I0003061,O000506,P00258,5,3533.47,0
I0003062,O001228,P00541,2,1957.07,0
I0003063,O000061,P00413,1,111.41,0
I0003064,O000102,P00297,3,1188.95,20
I0003065,O000301,P00478,4,6876.11,20
I0003066,O001336,P00069,3,2176.46,25
I0003067,O001156,P00035,3,2993.9,5
I0003068,O000419,P00122,1,7021.37,15
I0003069,O000312,P00508,3,4441.82,25
I0003070,O000068,P00482,2,2971.99,15
I0003071,O001375,P00446,3,5122.19,0
I0003072,O000024,P00139,3,4655.07,20
I0003073,O001063,P00155,1,184.29,5
I0003074,O001168,P00238,1,1922.18,10
I0003075,O000210,P00439,5,7487.75,5
I0003076,O001165,P00411,2,7902.81,25
I0003077,O000824,P00035,3,3663.65,0
I0003078,O001350,P00088,4,4425.98,20
I0003079,O001261,P00003,4,5290.58,0
I0003080,O001172,P00539,4,2685.15,10
I0003081,O000014,P00157,3,5052.84,25
I0003082,O000528,P00315,4,2591.39,0
I0003083,O000149,P00326,2,7045.7,10
I0003084,O000199,P00324,4,5989.7,10
I0003085,O000403,P00502,4,3396.98,0
I0003086,O000128,P00509,3,1883.71,0
I0003087,O000301,P00184,1,1718.91,25
I0003088,O000407,P00073,5,4352.09,0
I0003089,O000083,P00216,4,2794.2,20
I0003090,O000636,P00189,3,5692.08,10
I0003091,O001248,P00294,5,1804.3,5
I0003092,O000053,P00506,4,3577.99,15
I0003093,O000462,P00426,2,6030.04,0
I0003094,O000847,P00006,4,4726.67,25
I0003095,O001290,P00074,4,3095.79,20
I0003096,O000990,P00366,1,6365.18,20
I0003097,O001215,P00171,5,2414.49,5
I0003098,O000395,P00361,4,2642.01,0
I0003099,O000726,P00076,5,7278.6,5
I0003100,O000162,P00355,5,4880.45,25
I0003101,O000926,P00098,3,1389.32,20
I0003102,O000510,P00402,3,6050.98,0
I0003103,O001325,P00408,1,527.42,10
I0003104,O000584,P00003,1,4418.11,0
I0003105,O000654,P00013,3,2194.03,0
I0003106,O000510,P00283,1,6753.26,25
I0003107,O000167,P00154,2,6628.36,0
I0003108,O000784,P00215,5,3526.19,0
I0003109,O001053,P00041,2,1537.49,25
I0003110,O001287,P00409,3,1606.83,20
I0003111,O001094,P00022,4,5915.61,0
I0003112,O000323,P00402,3,6064.48,5
I0003113,O000579,P00093,4,4386.69,20
I0003114,O000485,P00212,2,2817.21,10
I0003115,O000114,P00136,2,4387.85,15
I0003116,O000540,P00480,3,7122.9,15
I0003117,O000885,P00520,1,1412.45,15
I0003118,O001222,P00495,1,1864.09,20
I0003119,O001260,P00121,5,3726.88,25
I0003120,O000162,P00289,2,3905.27,20
I0003121,O000776,P00149,4,1262.64,5
I0003122,O000694,P00283,5,6640.9,5
I0003123,O000494,P00167,4,4757.97,0
I0003124,O001344,P00115,5,3488.78,5
I0003125,O000301,P00466,2,1675.63,0
I0003126,O000975,P00482,1,2841.22,5
I0003127,O000607,P00373,3,5119.34,20
I0003128,O001391,P00059,5,3388.27,25
I0003129,O000164,P00141,2,5874.53,0
I0003130,O000151,P00297,4,1265.38,15
I0003131,O001181,P00348,2,165.92,25
I0003132,O000836,P00498,4,1649.43,10
I0003133,O000670,P00185,2,1565.5,15
I0003134,O000745,P00385,1,3476.19,0
I0003135,O000151,P00142,4,795.05,5
I0003136,O000766,P00017,2,3071.63,15
I0003137,O000443,P00460,1,1307.51,15
I0003138,O000678,P00411,1,7870.45,0
I0003139,O000086,P00403,2,2484.77,0
I0003140,O000760,P00445,1,5966.47,20
I0003141,O001326,P00544,1,5172.78,5
I0003142,O001117,P00009,5,3642.98,0
I0003143,O000090,P00222,5,5649.61,0
I0003144,O001309,P00061,2,1663.89,5
I0003145,O001246,P00139,1,4520.75,0
I0003146,O000760,P00205,4,7453.63,20
I0003147,O000230,P00376,2,228.4,25
I0003148,O000086,P00192,4,3930.21,20
I0003149,O000089,P00547,4,5057.88,10
I0003150,O000605,P00358,4,2074.62,5
I0003151,O000281,P00280,5,716.03,5
I0003152,O000675,P00289,3,4154.04,0
I0003153,O000034,P00128,5,4015.22,0
I0003154,O001289,P00399,3,1271.27,0
I0003155,O000677,P00291,3,4150.84,10
I0003156,O001223,P00161,2,1279.34,5
I0003157,O001011,P00153,1,844.43,0
I0003158,O000779,P00323,4,2717.66,25
I0003159,O000861,P00419,1,3626.53,5
I0003160,O000917,P00434,1,4443.64,10
I0003161,O000832,P00158,4,5483.96,0
I0003162,O000750,P00362,1,6387.57,0
I0003163,O000408,P00073,3,4637.99,0
I0003164,O001392,P00452,2,1205.18,0
I0003165,O000193,P00434,4,5118.97,0
I0003166,O000902,P00356,5,2792.6,5
I0003167,O000524,P00133,2,6695.45,0
I0003168,O000669,P00252,5,2653.73,15
I0003169,O000769,P00272,1,1616.58,20
I0003170,O000199,P00375,2,260.67,5
I0003171,O000112,P00479,5,942.87,10
I0003172,O000164,P00127,5,6569.44,15
I0003173,O000891,P00545,4,6330.84,5
I0003174,O000440,P00415,5,2727.21,10
I0003175,O000482,P00127,5,5227.05,5
I0003176,O001285,P00507,3,2840.37,10
I0003177,O000015,P00406,5,4512.22,10
I0003178,O000498,P00051,2,2823.21,20
I0003179,O000182,P00490,4,502.02,0
I0003180,O001155,P00007,1,2841.35,0
I0003181,O001002,P00369,4,577.58,0
I0003182,O000982,P00148,5,773.98,20
I0003183,O001159,P00137,2,5038.84,10
I0003184,O000082,P00297,3,979.92,15
I0003185,O000492,P00137,3,4643.56,25
I0003186,O000771,P00405,4,2157.26,15
I0003187,O000339,P00192,3,4677.61,0
I0003188,O001096,P00164,2,2473.59,20
I0003189,O000280,P00145,1,2490.76,0
I0003190,O000193,P00023,5,1682.54,0
I0003191,O001264,P00067,4,3739.89,25
I0003192,O000572,P00180,5,6661.76,0
I0003193,O001352,P00305,4,2392.6,15
I0003194,O001246,P00538,2,5200.93,20
I0003195,O000658,P00495,3,2460.61,5
I0003196,O000260,P00276,3,6767.08,0
I0003197,O000894,P00454,3,595.5,15
I0003198,O001129,P00072,2,3023.81,0
I0003199,O000806,P00031,1,6602.56,0
I0003200,O000378,P00219,2,3861.05,10
I0003201,O001010,P00155,2,206.81,10
I0003202,O000155,P00224,2,434.32,20
I0003203,O000816,P00519,1,2630.9,5
I0003204,O000908,P00490,1,395.65,15
I0003205,O000488,P00371,1,1040.85,0
I0003206,O000642,P00344,5,5746.22,15
I0003207,O001291,P00312,2,5045.93,20
I0003208,O000610,P00039,4,4618.68,0
I0003209,O000038,P00508,3,4096.2,25
I0003210,O000752,P00445,4,7315.99,10
I0003211,O000283,P00465,4,3277.21,0
I0003212,O000029,P00441,2,7261.19,0
I0003213,O001042,P00415,2,2988.38,5
I0003214,O000844,P00414,3,2101.04,5
I0003215,O000646,P00459,3,1914.14,20
I0003216,O001071,P00214,1,3119.39,15
I0003217,O001110,P00497,5,5039.28,25
I0003218,O001227,P00080,3,8658.45,15
I0003219,O001207,P00438,1,2933.65,5
I0003220,O000578,P00322,1,249.49,25
I0003221,O000854,P00213,2,5789.28,10
I0003222,O000262,P00304,2,4082.06,0
I0003223,O000208,P00264,4,6164.77,0
I0003224,O001353,P00547,1,6798.29,0
I0003225,O000591,P00338,5,193.24,5
I0003226,O000034,P00234,3,2436.49,0
I0003227,O000895,P00187,4,7762.48,0
I0003228,O001212,P00141,2,7144.67,20
I0003229,O000615,P00312,4,4792.19,20
I0003230,O000815,P00166,3,3024.76,20
I0003231,O000132,P00517,4,6558.55,25
I0003232,O000290,P00514,5,8723.59,0
I0003233,O001077,P00210,4,4656.08,20
I0003234,O000676,P00495,1,2284.57,25
I0003235,O000795,P00298,1,6961.67,10
I0003236,O000524,P00079,2,3836.29,5
I0003237,O000958,P00411,3,7385.2,15
I0003238,O000802,P00550,3,858.25,20
I0003239,O000878,P00333,5,3533.26,15
I0003240,O000793,P00276,5,5122.67,20
I0003241,O001272,P00248,1,7888.16,10
I0003242,O000809,P00158,2,7627.32,0
I0003243,O000289,P00061,5,1982.4,10
I0003244,O000016,P00411,2,5641.74,5
I0003245,O000921,P00365,3,2470.82,10
I0003246,O001023,P00285,3,6231.07,15
I0003247,O000672,P00409,3,1487.62,5
I0003248,O000205,P00506,3,4379.2,0
I0003249,O000883,P00261,4,4268.28,0
I0003250,O001073,P00054,4,5511.25,15
I0003251,O000272,P00425,5,576.17,0
I0003252,O000850,P00366,1,5627.21,5
I0003253,O000316,P00333,1,2860.49,5
I0003254,O000141,P00310,3,2809.05,15
I0003255,O000011,P00484,3,5908.63,25
I0003256,O001084,P00207,2,868.16,15
I0003257,O001050,P00437,1,329.13,25
I0003258,O000086,P00326,4,7240.74,10
I0003259,O000837,P00021,2,2170.74,15
I0003260,O000316,P00306,3,5594.85,15
I0003261,O000356,P00422,1,3129.24,20
I0003262,O001108,P00341,1,671.38,15
I0003263,O001247,P00229,1,1445.97,5
I0003264,O000552,P00071,2,2452.96,0
I0003265,O001244,P00444,1,3714.6,10
I0003266,O000559,P00499,2,3553.39,0
I0003267,O000430,P00276,1,5519.3,15
I0003268,O000027,P00277,5,3788.72,0
I0003269,O000725,P00476,2,6212.83,10
I0003270,O001044,P00504,3,7120.14,0
I0003271,O001312,P00330,4,5303.73,0
I0003272,O000690,P00258,1,4357.69,20
I0003273,O001348,P00047,2,1799.86,0
I0003274,O000514,P00173,5,3059.27,20
I0003275,O000185,P00046,2,387.77,15
I0003276,O001067,P00144,3,5088.55,25
I0003277,O000392,P00018,4,4668.69,0
I0003278,O000198,P00042,2,7102.01,10
I0003279,O000586,P00471,4,7361.53,10
I0003280,O000749,P00372,5,3813.96,0
I0003281,O001052,P00317,1,2437.54,20
I0003282,O000326,P00274,5,3678.19,15
I0003283,O001242,P00535,2,519.24,20
I0003284,O001054,P00533,4,6814.68,5
I0003285,O000861,P00109,5,4583.49,20
I0003286,O000880,P00226,2,3982.65,20
I0003287,O000772,P00370,5,8044.1,25
I0003288,O000941,P00287,2,5039.2,10
I0003289,O000430,P00300,5,4446.24,10
I0003290,O000787,P00198,1,3971.53,25
I0003291,O000761,P00219,1,2912.74,25
I0003292,O000960,P00543,1,6061.33,0
I0003293,O000782,P00302,2,7040.47,25
I0003294,O000640,P00349,5,3252.51,15
I0003295,O000313,P00024,4,6612.3,10
I0003296,O001339,P00148,2,865.29,10
I0003297,O000056,P00515,5,1024.16,0
I0003298,O001392,P00234,4,3437.6,0
I0003299,O000648,P00037,4,6852.68,25
I0003300,O001375,P00459,1,2130.67,5
I0003301,O001190,P00478,4,5624.12,5
I0003302,O000862,P00073,4,4318.81,5
I0003303,O001075,P00208,5,1686.42,25
I0003304,O000431,P00041,4,1596.49,0
I0003305,O000133,P00362,5,5919.3,15
I0003306,O001190,P00060,5,4519.87,15
I0003307,O000830,P00400,2,6392.3,0
I0003308,O001128,P00518,3,4389.11,10
I0003309,O000047,P00211,5,2004.27,0
I0003310,O000163,P00491,4,2853.6,15
I0003311,O000370,P00409,1,1143.18,20
I0003312,O000181,P00029,3,4301.87,25
I0003313,O001162,P00103,2,7864.81,15
I0003314,O001343,P00536,4,4954.85,0
I0003315,O000055,P00524,2,7536.51,10
I0003316,O000795,P00008,4,6729.95,25
I0003317,O000097,P00038,1,4193.0,0
I0003318,O000301,P00225,4,296.94,0
I0003319,O001243,P00397,5,4379.0,0
I0003320,O001358,P00282,5,4030.11,10
I0003321,O000931,P00312,5,6443.6,0
I0003322,O000862,P00324,1,7412.47,10
I0003323,O000848,P00524,5,8143.66,25
I0003324,O000693,P00231,2,1724.39,10
I0003325,O000906,P00014,4,773.36,0
I0003326,O000206,P00175,2,1044.93,5
I0003327,O000902,P00044,3,535.59,0
I0003328,O001319,P00367,2,3159.08,10
I0003329,O000561,P00228,5,4259.42,5
I0003330,O000638,P00270,1,2155.14,15
I0003331,O000157,P00215,1,3404.96,5
I0003332,O001335,P00495,1,2510.24,0
I0003333,O001328,P00157,2,6110.96,25
I0003334,O000821,P00051,2,2391.25,10
I0003335,O001286,P00117,3,7432.75,25
I0003336,O000153,P00547,5,6505.75,15
I0003337,O001266,P00449,4,3100.44,0
I0003338,O001309,P00146,2,188.33,25
I0003339,O000874,P00274,3,4197.66,5
I0003340,O001177,P00422,4,4299.68,0
I0003341,O000876,P00238,4,1936.13,25
I0003342,O000885,P00023,1,1657.55,0
I0003343,O000448,P00327,4,1426.92,15
I0003344,O000728,P00214,1,2753.61,10
I0003345,O000329,P00375,4,253.03,20
I0003346,O000479,P00151,4,2635.94,10
I0003347,O000280,P00214,1,2735.1,0
I0003348,O000755,P00340,5,6126.3,20
I0003349,O000465,P00312,2,4911.33,5
I0003350,O000764,P00093,4,3371.39,5
I0003351,O000507,P00261,5,4847.15,25
I0003352,O000956,P00399,1,1574.16,5
I0003353,O000965,P00299,4,7063.83,10
I0003354,O000708,P00181,1,2770.48,15
I0003355,O000581,P00366,5,6259.43,20
I0003356,O001249,P00499,3,3216.2,0
I0003357,O000690,P00453,1,541.33,0
I0003358,O001052,P00170,1,2524.13,10
I0003359,O000203,P00074,3,3390.76,25
I0003360,O001368,P00308,3,5203.91,20
I0003361,O000523,P00060,5,5530.43,0
I0003362,O000590,P00499,4,3080.74,0
I0003363,O000830,P00129,5,472.63,20
I0003364,O000059,P00248,2,7760.73,10
I0003365,O001178,P00357,1,2661.72,15
I0003366,O000239,P00394,2,538.28,0
I0003367,O000927,P00426,4,6406.3,15
I0003368,O000848,P00387,4,3973.35,0
I0003369,O000642,P00002,2,3318.75,0
I0003370,O000066,P00285,2,4989.58,25
I0003371,O001393,P00132,2,7737.18,0
I0003372,O001206,P00276,5,5943.64,0
I0003373,O000868,P00214,4,2723.15,10
I0003374,O001265,P00500,3,4006.69,0
I0003375,O001259,P00486,4,1309.11,0
I0003376,O000827,P00312,3,4676.77,5
I0003377,O000337,P00028,5,4192.46,25
I0003378,O000938,P00359,1,1798.51,10
I0003379,O000630,P00370,4,6337.46,25
I0003380,O000226,P00386,1,7455.43,0
I0003381,O000778,P00502,2,2851.66,15
I0003382,O001255,P00366,4,6220.23,5
I0003383,O000996,P00162,2,2256.56,10
I0003384,O000612,P00270,1,2373.8,0
I0003385,O000663,P00222,5,4364.06,0
I0003386,O000131,P00343,3,962.24,0
I0003387,O001400,P00278,3,5169.28,15
I0003388,O000289,P00409,4,1178.89,15
I0003389,O000002,P00235,5,6108.11,25
I0003390,O000136,P00247,2,4213.55,5
I0003391,O000172,P00283,4,6155.74,10
I0003392,O000406,P00300,5,4552.51,0
I0003393,O001205,P00118,3,4893.22,15
I0003394,O000649,P00478,5,5359.49,0
I0003395,O000029,P00009,3,3636.49,5
I0003396,O001015,P00250,4,2577.8,10
I0003397,O000398,P00098,5,1260.99,15
I0003398,O000106,P00383,5,3844.71,20
I0003399,O000499,P00549,4,2429.91,0
I0003400,O000189,P00087,3,4096.43,5
I0003401,O000986,P00235,4,6729.81,0
I0003402,O000996,P00107,1,3250.1,0
I0003403,O000093,P00468,1,6505.14,10
I0003404,O000867,P00538,3,5957.08,5
I0003405,O000833,P00466,1,2193.92,20
I0003406,O000877,P00003,2,6198.84,20
I0003407,O000148,P00203,2,1278.74,5
I0003408,O000026,P00184,2,1533.46,0
I0003409,O000112,P00190,2,5387.35,15
I0003410,O001326,P00443,3,7940.0,5
I0003411,O000283,P00020,3,1602.82,20
I0003412,O000593,P00098,1,1713.63,0
I0003413,O000984,P00414,4,1568.06,5
I0003414,O000655,P00078,3,1499.82,15
I0003415,O000196,P00146,1,188.94,10
I0003416,O000422,P00435,2,6532.14,15
I0003417,O000278,P00145,2,3174.66,5
I0003418,O000655,P00039,1,3779.2,15
I0003419,O001362,P00134,2,294.77,5
I0003420,O001342,P00387,2,3307.76,20
I0003421,O000234,P00048,1,6029.76,5
I0003422,O000429,P00548,3,4475.39,0
I0003423,O001315,P00198,2,3593.78,0
I0003424,O000240,P00530,4,1940.63,0
I0003425,O000521,P00250,5,2271.36,25
I0003426,O000683,P00422,3,3253.2,5
I0003427,O000819,P00191,5,4676.4,25
I0003428,O000907,P00306,5,4658.42,0
I0003429,O001196,P00178,3,7273.31,10
I0003430,O000357,P00198,3,4537.74,20
I0003431,O000896,P00366,2,6495.73,20
I0003432,O000567,P00485,2,299.08,15
I0003433,O001274,P00370,2,7319.97,0
I0003434,O000189,P00365,4,2148.87,0
I0003435,O000760,P00393,4,3901.3,15
I0003436,O001000,P00068,3,6180.86,10
I0003437,O000505,P00162,3,2413.73,15
I0003438,O000854,P00063,5,819.41,0
I0003439,O000757,P00273,4,3812.1,10
I0003440,O000591,P00380,2,6655.76,25
I0003441,O000890,P00278,4,6232.23,20
I0003442,O000427,P00239,3,4488.06,20
I0003443,O001299,P00418,2,2047.52,15
I0003444,O000316,P00348,2,167.19,20
I0003445,O001214,P00398,4,3423.78,0
I0003446,O000168,P00347,4,539.06,10
I0003447,O001281,P00429,2,1631.08,0
I0003448,O000436,P00332,3,6442.29,5
I0003449,O000673,P00421,5,4338.31,10
I0003450,O000054,P00253,5,3754.46,0
I0003451,O000302,P00403,5,2380.87,10
I0003452,O001247,P00243,5,4419.29,25
I0003453,O000197,P00080,4,6996.2,0
I0003454,O000208,P00513,1,3855.9,25
I0003455,O000946,P00528,2,3123.74,0
I0003456,O000427,P00024,4,7317.48,10
I0003457,O000341,P00061,4,2275.87,25
I0003458,O000561,P00005,1,7447.87,10
I0003459,O000040,P00494,5,2793.22,0
I0003460,O001176,P00396,3,4678.39,0
I0003461,O000816,P00126,3,2859.66,15
I0003462,O000813,P00305,4,2523.57,20
I0003463,O001185,P00285,2,6993.12,20
I0003464,O000608,P00169,4,3281.34,10
I0003465,O001225,P00211,2,1477.25,0
I0003466,O000441,P00308,1,5027.4,15
I0003467,O001362,P00269,5,3571.35,20
I0003468,O001315,P00113,2,6491.22,10
I0003469,O000943,P00300,5,4424.58,10
I0003470,O000844,P00463,1,2614.94,15
I0003471,O000674,P00230,2,2901.63,0
I0003472,O000798,P00034,1,1245.09,5
I0003473,O000822,P00029,1,4688.43,0
I0003474,O000070,P00279,5,4586.26,0
I0003475,O000475,P00200,2,4092.08,5
I0003476,O001364,P00221,4,3516.72,10
I0003477,O001093,P00211,3,1957.56,5
I0003478,O001118,P00047,5,1687.95,5
I0003479,O000146,P00091,1,4803.0,10
I0003480,O000152,P00222,1,6524.85,15
I0003481,O000821,P00094,1,198.24,5
I0003482,O000098,P00086,1,213.6,20
I0003483,O000309,P00166,1,2818.11,25
I0003484,O000244,P00428,4,3357.02,15
I0003485,O001272,P00034,1,1537.41,0
I0003486,O000250,P00299,2,7704.64,25
I0003487,O001028,P00206,3,8392.94,5
I0003488,O000535,P00310,5,2929.04,0
I0003489,O000405,P00215,3,3056.3,0
I0003490,O001375,P00490,5,413.96,25
I0003491,O001114,P00103,2,7077.8,0
I0003492,O000203,P00332,4,6256.1,0
I0003493,O000417,P00508,1,4404.72,25
I0003494,O001397,P00101,5,649.56,25
I0003495,O000622,P00017,2,3590.6,20
I0003496,O001067,P00005,2,7504.66,20
I0003497,O000189,P00091,3,3552.79,25
I0003498,O001295,P00547,4,5451.56,0
I0003499,O001245,P00497,1,4118.27,10
I0003500,O000755,P00488,5,6774.61,5
I0003501,O001240,P00439,2,5915.51,15
I0003502,O001305,P00082,1,7093.56,15
I0003503,O000251,P00114,4,2020.82,5
I0003504,O001314,P00174,2,5283.16,5
I0003505,O000156,P00291,1,4690.61,0
I0003506,O000679,P00344,2,5433.5,15
I0003507,O000796,P00444,2,3100.61,15
I0003508,O000691,P00260,3,2116.59,5
I0003509,O000639,P00180,4,8404.91,0
I0003510,O000580,P00143,3,2908.68,25
I0003511,O001196,P00067,4,4344.56,20
I0003512,O001077,P00283,5,7558.96,5
I0003513,O001239,P00437,4,270.65,15
I0003514,O000063,P00227,1,6617.61,15
I0003515,O000925,P00349,4,3162.99,20
I0003516,O000749,P00412,2,1707.44,15
I0003517,O000378,P00304,2,4688.05,20
I0003518,O000320,P00089,4,6553.66,0
I0003519,O000752,P00371,4,886.56,10
I0003520,O000047,P00009,4,3749.36,0
I0003521,O000228,P00302,3,7079.13,0
I0003522,O001328,P00388,5,5258.71,10
I0003523,O000083,P00185,3,1614.34,15
I0003524,O000011,P00456,1,5128.58,20
I0003525,O001109,P00422,4,3977.31,20
I0003526,O000996,P00279,1,3546.84,0
I0003527,O000835,P00008,4,5374.75,15
I0003528,O000720,P00114,1,2084.53,20
I0003529,O000470,P00166,2,2387.19,0
I0003530,O001139,P00186,2,274.67,0
I0003531,O000965,P00549,3,2710.63,0
I0003532,O000734,P00539,2,3452.44,15
I0003533,O000003,P00305,1,2626.38,0
I0003534,O001240,P00275,4,4872.63,0
I0003535,O000237,P00382,1,5692.53,5
I0003536,O000398,P00031,3,5489.94,25
I0003537,O000338,P00454,2,641.35,15
I0003538,O000895,P00135,1,5405.04,20
I0003539,O001140,P00369,4,767.87,15
I0003540,O000493,P00476,5,4578.57,15
I0003541,O000049,P00018,1,4751.7,0
I0003542,O000497,P00295,3,6580.46,15
I0003543,O001046,P00341,2,709.81,0
I0003544,O000962,P00269,3,4388.23,25
I0003545,O001288,P00466,3,1767.63,0
I0003546,O001314,P00180,1,7290.96,15
I0003547,O000790,P00229,1,1157.05,5
I0003548,O001316,P00510,5,2681.44,0
I0003549,O001144,P00233,4,5011.88,0
I0003550,O000455,P00150,1,4778.68,15
I0003551,O000491,P00456,3,7224.09,10
I0003552,O000680,P00015,3,3486.51,5
I0003553,O001214,P00505,3,6060.58,20
I0003554,O000570,P00022,5,5091.51,20
I0003555,O001235,P00001,4,1704.3,15
I0003556,O000736,P00051,3,2728.95,15
I0003557,O000773,P00440,1,4729.3,0
I0003558,O000861,P00398,3,3915.63,0
I0003559,O000761,P00464,3,3983.93,0
I0003560,O000652,P00085,4,533.06,10
I0003561,O000857,P00096,2,969.42,0
I0003562,O001131,P00307,5,2546.92,5
I0003563,O001049,P00226,1,4471.33,10
I0003564,O001258,P00409,5,1168.17,15
I0003565,O000552,P00408,3,487.08,25
I0003566,O000662,P00511,2,376.97,25
I0003567,O000578,P00010,5,2305.37,0
I0003568,O000357,P00145,3,2462.15,15
I0003569,O000561,P00005,1,6107.97,20
I0003570,O000227,P00130,3,1994.66,5
I0003571,O001230,P00253,4,3279.97,15
I0003572,O000940,P00347,3,570.34,15
I0003573,O000357,P00030,4,8270.47,15
I0003574,O000333,P00388,1,4052.13,5
I0003575,O000490,P00464,1,4884.85,0
I0003576,O001271,P00227,2,7806.32,20
I0003577,O000372,P00299,3,7642.43,25
I0003578,O001311,P00085,3,631.0,25
I0003579,O000793,P00143,5,2604.31,5
I0003580,O001240,P00021,2,2409.29,0
I0003581,O000324,P00093,4,3420.66,5
I0003582,O000285,P00161,5,1295.37,0
I0003583,O000835,P00310,1,2498.89,25
I0003584,O000736,P00182,1,6599.27,15
I0003585,O000784,P00181,4,2630.21,10
I0003586,O000454,P00006,4,6080.42,25
I0003587,O000442,P00364,1,3292.2,0
I0003588,O000093,P00161,5,1054.01,25
I0003589,O000379,P00367,1,3246.0,10
I0003590,O000100,P00098,5,1294.47,0
I0003591,O000766,P00250,2,2547.03,10
I0003592,O001237,P00499,1,3135.43,0
I0003593,O001192,P00023,2,1978.98,10
I0003594,O000300,P00102,4,3064.36,5
I0003595,O001009,P00386,3,6035.46,20
I0003596,O001229,P00378,3,6577.5,20
I0003597,O001274,P00461,5,1039.53,0
I0003598,O000586,P00233,1,5416.57,5
I0003599,O000480,P00223,2,2060.8,10
I0003600,O001095,P00480,4,6918.89,5
I0003601,O000594,P00340,4,5118.43,5
I0003602,O000027,P00251,4,2641.81,0
I0003603,O000402,P00303,3,3997.46,20
I0003604,O001373,P00107,1,2847.01,10
I0003605,O000877,P00439,4,6681.4,5
I0003606,O001328,P00182,4,7120.02,10
I0003607,O000055,P00069,2,2276.57,0
I0003608,O000977,P00089,3,6986.21,10
I0003609,O000123,P00076,5,6254.49,0
I0003610,O000801,P00071,1,2278.72,15
I0003611,O000792,P00453,1,707.0,10
I0003612,O000687,P00438,2,2404.74,0
I0003613,O000253,P00204,4,453.91,15
I0003614,O000283,P00160,1,4926.1,20
I0003615,O001326,P00530,3,1743.57,10
I0003616,O000172,P00226,4,4084.61,25
I0003617,O000639,P00156,5,2615.25,0
I0003618,O000929,P00030,2,8259.03,25
I0003619,O001102,P00252,5,2949.29,20
I0003620,O000150,P00153,2,712.32,5
I0003621,O001228,P00448,3,7169.97,15
I0003622,O001255,P00390,4,4865.39,10
I0003623,O000212,P00549,3,2901.86,15
I0003624,O000846,P00207,4,845.06,0
I0003625,O001073,P00350,2,4069.45,0
I0003626,O001367,P00101,3,807.45,25
I0003627,O000336,P00398,3,4298.69,10
I0003628,O000883,P00300,2,5180.25,25
I0003629,O000131,P00226,3,5501.01,10
I0003630,O000648,P00188,3,3950.54,0
I0003631,O000749,P00255,4,3155.61,5
I0003632,O000962,P00396,5,6308.66,5
I0003633,O001048,P00542,4,6717.08,10
I0003634,O000571,P00164,2,2427.59,15
I0003635,O000247,P00295,3,5780.94,10
I0003636,O000012,P00142,3,858.51,15
I0003637,O000858,P00133,5,6767.48,15
I0003638,O000293,P00342,1,878.52,0
I0003639,O000917,P00432,2,5161.15,20
I0003640,O001224,P00505,2,6938.26,20
I0003641,O001258,P00328,1,789.71,25
I0003642,O000552,P00221,3,4166.8,0
I0003643,O000226,P00135,5,5433.13,25
I0003644,O000382,P00381,1,4551.82,0
I0003645,O000946,P00300,4,5402.68,25
I0003646,O000707,P00007,3,3864.28,20
I0003647,O000766,P00475,2,5440.34,15
I0003648,O000940,P00299,1,5278.22,0
I0003649,O000192,P00543,2,5469.06,15
I0003650,O000396,P00148,2,855.13,20
I0003651,O001163,P00160,1,5589.18,5
I0003652,O000809,P00325,1,1605.53,25
I0003653,O000810,P00456,1,5624.43,20
I0003654,O001066,P00225,2,278.23,0
I0003655,O000284,P00116,1,8004.32,25
I0003656,O000101,P00156,1,3448.74,20
I0003657,O001031,P00531,3,4257.59,0
I0003658,O001113,P00398,3,3507.85,25
I0003659,O000925,P00218,4,2879.77,10
I0003660,O000341,P00024,5,8691.43,20
I0003661,O001307,P00416,4,1202.03,0
I0003662,O000688,P00391,1,578.03,5
I0003663,O001228,P00293,4,1162.64,15
I0003664,O000574,P00380,4,5939.12,25
I0003665,O000385,P00054,1,4833.52,15
I0003666,O001155,P00379,1,4523.31,5
I0003667,O000159,P00052,1,1419.41,5
I0003668,O000225,P00299,4,6454.12,25
I0003669,O001108,P00544,1,5653.05,0
I0003670,O001182,P00537,5,6159.05,20
I0003671,O000523,P00037,3,6401.65,0
I0003672,O000557,P00289,1,4185.52,5
I0003673,O001043,P00416,4,1348.49,20
I0003674,O000392,P00219,3,3511.6,20
I0003675,O001055,P00106,3,857.25,10
I0003676,O000655,P00318,4,2458.25,0
I0003677,O001279,P00202,1,5249.93,0
I0003678,O000651,P00413,5,132.37,10
I0003679,O000924,P00113,4,6855.11,0
I0003680,O000077,P00094,5,212.47,10
I0003681,O001242,P00106,4,818.82,15
I0003682,O000211,P00210,4,4291.36,0
I0003683,O000798,P00375,5,235.8,25
I0003684,O000232,P00530,4,1446.96,15
I0003685,O000899,P00482,4,2702.27,20
I0003686,O001360,P00534,2,4759.96,10
I0003687,O000086,P00068,4,6081.1,25
I0003688,O001099,P00029,3,3727.99,0
I0003689,O001319,P00262,3,7256.38,15
I0003690,O000671,P00357,4,2382.19,0
I0003691,O000747,P00379,2,4556.22,0
I0003692,O000579,P00522,2,5929.37,10
I0003693,O000959,P00146,1,184.02,20
I0003694,O001146,P00494,3,2233.02,20
I0003695,O000549,P00339,5,7205.73,10
I0003696,O000427,P00497,5,3729.68,25
I0003697,O000311,P00208,1,2263.84,5
I0003698,O000947,P00210,2,3838.32,25
I0003699,O001214,P00394,4,538.77,20
I0003700,O000649,P00228,3,3251.84,5
I0003701,O000656,P00063,2,720.83,15
I0003702,O000874,P00380,3,4871.29,0
I0003703,O000957,P00005,5,8275.6,0
I0003704,O000967,P00549,5,2475.68,20
I0003705,O000459,P00009,4,3597.65,20
I0003706,O000974,P00171,4,2540.02,20
I0003707,O001027,P00119,1,6395.4,5
I0003708,O001337,P00132,4,7178.19,10
I0003709,O001235,P00204,1,368.52,10
I0003710,O000150,P00085,2,509.23,0
I0003711,O000397,P00286,2,1532.19,5
I0003712,O001389,P00501,2,2590.51,5
I0003713,O000962,P00496,4,5561.22,15
I0003714,O001389,P00438,1,2761.85,20
I0003715,O000771,P00487,1,5763.05,15
I0003716,O000817,P00445,3,7013.28,10
I0003717,O000084,P00417,3,4380.33,20
I0003718,O000481,P00387,5,3580.6,25
I0003719,O000036,P00273,1,4492.04,5
I0003720,O000577,P00156,2,3512.71,20
I0003721,O000402,P00389,3,2679.18,15
I0003722,O000261,P00206,2,8226.18,15
I0003723,O000500,P00078,3,1634.3,20
I0003724,O000044,P00014,4,816.83,5
I0003725,O000863,P00490,2,404.86,0
I0003726,O001312,P00343,4,912.22,0
I0003727,O000197,P00337,1,3232.16,10
I0003728,O000019,P00156,4,2422.22,0
I0003729,O000715,P00138,4,3387.1,20
I0003730,O000960,P00214,3,3102.78,15
I0003731,O000417,P00467,5,699.33,5
I0003732,O000424,P00520,5,1339.07,0
I0003733,O000581,P00192,1,4929.12,10
I0003734,O000788,P00094,3,221.12,20
I0003735,O001298,P00518,4,4171.75,5
I0003736,O000047,P00246,2,3092.55,0
I0003737,O001347,P00507,2,2560.77,5
I0003738,O000291,P00150,5,3909.67,15
I0003739,O001213,P00342,3,904.46,20
I0003740,O000595,P00511,2,269.36,25
I0003741,O000043,P00036,2,2382.57,20
I0003742,O000623,P00051,1,2514.58,10
I0003743,O000177,P00018,3,4249.89,15
I0003744,O000427,P00347,3,705.85,10
I0003745,O001335,P00118,4,4385.44,0
I0003746,O000656,P00203,2,1562.44,25
I0003747,O001226,P00223,4,2684.06,25
I0003748,O000184,P00206,1,8427.02,0
I0003749,O000108,P00039,5,4277.34,15
I0003750,O001133,P00241,1,1538.75,0
I0003751,O001089,P00004,3,7454.71,0
I0003752,O000688,P00540,2,4798.64,5
I0003753,O001114,P00067,3,4922.02,15
I0003754,O001399,P00185,5,1187.58,20
I0003755,O000538,P00236,1,4860.97,20
I0003756,O000870,P00455,4,1560.02,25
I0003757,O000349,P00428,4,3537.97,20
I0003758,O000169,P00026,5,1841.23,0
I0003759,O000137,P00440,5,5374.87,25
I0003760,O000526,P00311,4,7235.72,25
I0003761,O000452,P00004,3,5209.82,25
I0003762,O000715,P00091,1,4494.37,0
I0003763,O001256,P00251,1,2309.76,0
I0003764,O001032,P00459,5,1689.31,0
I0003765,O001198,P00097,5,4767.91,20
I0003766,O001367,P00316,2,6014.18,0
I0003767,O000730,P00486,4,1672.67,25
I0003768,O000995,P00107,4,2818.89,20
I0003769,O001015,P00101,5,697.17,25
I0003770,O001112,P00129,5,580.41,0
I0003771,O000886,P00419,2,3249.1,20
I0003772,O000180,P00367,1,4117.38,10
I0003773,O000823,P00166,4,2419.58,0
I0003774,O000886,P00189,4,6092.19,15
I0003775,O001168,P00528,1,4037.44,0
I0003776,O000176,P00459,4,2175.69,25
I0003777,O000384,P00333,2,3353.88,20
I0003778,O000597,P00001,4,1483.57,0
I0003779,O001097,P00326,5,5585.78,5
I0003780,O000977,P00350,5,4717.7,0
I0003781,O001236,P00445,3,8278.11,10
I0003782,O001125,P00304,1,5435.51,15
I0003783,O000051,P00379,5,3576.45,0
I0003784,O000903,P00298,1,5822.27,25
I0003785,O000989,P00397,3,3861.37,0
I0003786,O001209,P00072,2,3021.63,25
I0003787,O000719,P00361,4,2490.71,15
I0003788,O000165,P00546,4,5549.2,25
I0003789,O000878,P00316,5,5063.67,25
I0003790,O000009,P00370,1,8049.93,0
I0003791,O001218,P00269,3,4642.93,0
I0003792,O001150,P00536,4,5045.85,10
I0003793,O000102,P00358,4,2047.24,20
I0003794,O001208,P00018,2,3604.74,0
I0003795,O000697,P00105,2,5208.85,0
I0003796,O001282,P00520,4,1156.21,5
I0003797,O000048,P00176,5,4391.58,20
I0003798,O000372,P00353,2,657.06,25
I0003799,O001239,P00194,4,4773.99,0
I0003800,O000345,P00017,4,3566.16,0
I0003801,O000041,P00511,2,395.49,25
I0003802,O000789,P00268,2,3952.0,10
I0003803,O001176,P00143,3,2867.35,0
I0003804,O000051,P00481,3,1170.28,5
I0003805,O001315,P00507,1,2938.32,5
I0003806,O000753,P00401,5,6416.57,20
I0003807,O000102,P00508,3,4165.04,15
I0003808,O000742,P00505,2,6234.41,5
I0003809,O000521,P00382,2,4518.15,0
I0003810,O001343,P00288,4,4654.08,15
I0003811,O000725,P00550,4,1241.05,15
I0003812,O001038,P00204,3,392.98,5
I0003813,O001342,P00235,3,6762.13,10
I0003814,O001013,P00164,4,1911.46,10
I0003815,O000642,P00307,5,2771.79,0
I0003816,O000748,P00472,4,3947.68,0
I0003817,O000596,P00521,5,2213.97,25
I0003818,O001149,P00419,5,2832.48,25
I0003819,O000500,P00258,3,4841.25,20
I0003820,O000691,P00441,5,7321.86,0
I0003821,O000626,P00365,1,2134.62,0
I0003822,O001221,P00370,1,6440.39,5
I0003823,O000339,P00411,4,7345.48,0
I0003824,O000404,P00053,4,6585.81,25
I0003825,O000094,P00201,5,1000.19,10
I0003826,O000291,P00233,4,5514.69,15
I0003827,O001301,P00323,3,3766.32,5
I0003828,O001152,P00005,2,8590.37,0
I0003829,O000687,P00432,2,4592.74,5
I0003830,O000079,P00113,3,7198.46,20
I0003831,O000704,P00005,3,5941.01,0
I0003832,O000430,P00097,3,3740.07,0
I0003833,O001222,P00143,4,2649.3,20
I0003834,O001007,P00239,2,4591.88,25
I0003835,O000162,P00339,2,6882.12,20
I0003836,O000292,P00103,1,6652.45,5
I0003837,O000342,P00030,3,7006.91,0
I0003838,O000306,P00472,3,3989.64,25
I0003839,O001368,P00390,2,5163.34,20
I0003840,O000745,P00053,5,7208.32,15
I0003841,O001387,P00198,5,3884.33,5
I0003842,O000532,P00351,1,7273.39,10
I0003843,O001282,P00042,5,5764.73,0
I0003844,O000161,P00332,1,5426.6,5
I0003845,O000641,P00353,3,837.5,0
I0003846,O000856,P00465,1,2951.68,0
I0003847,O000934,P00111,4,4293.48,10
I0003848,O000196,P00257,4,6280.2,0
I0003849,O000975,P00089,3,6512.08,10
I0003850,O000528,P00171,4,2965.73,0
I0003851,O001053,P00435,1,5176.41,0
I0003852,O000804,P00524,4,6145.0,15
I0003853,O001170,P00061,4,1832.2,15
I0003854,O000042,P00442,2,990.09,0
I0003855,O000893,P00345,1,3232.73,0
I0003856,O000067,P00319,3,1175.8,20
I0003857,O001387,P00147,2,3679.63,10
I0003858,O001386,P00452,2,1239.67,0
I0003859,O000470,P00221,3,4110.56,15
I0003860,O000632,P00544,1,4915.04,25
I0003861,O001332,P00093,3,3507.09,0
I0003862,O000497,P00379,5,3705.57,5
I0003863,O001133,P00048,2,4756.41,20
I0003864,O000505,P00244,1,4082.77,10
I0003865,O000905,P00371,3,1040.91,0
I0003866,O000679,P00066,1,2228.03,0
I0003867,O000398,P00293,3,1578.09,15
I0003868,O000510,P00208,3,1977.43,15
I0003869,O000174,P00382,2,5596.72,20
I0003870,O000991,P00161,5,1137.15,20
I0003871,O000033,P00110,3,3668.78,20
I0003872,O001239,P00118,4,4233.32,25
I0003873,O000926,P00348,1,161.64,0
I0003874,O000876,P00522,1,5880.03,15
I0003875,O001032,P00086,1,186.66,25
I0003876,O000201,P00160,2,5371.69,0
I0003877,O000155,P00407,5,3878.57,10
I0003878,O000892,P00224,4,499.78,0
I0003879,O000281,P00028,3,4862.84,20
I0003880,O000003,P00463,4,2381.08,5
I0003881,O001268,P00355,5,5079.98,0
I0003882,O000116,P00383,2,4207.8,5
I0003883,O000364,P00053,1,5793.08,25
I0003884,O000500,P00387,5,4177.2,15
I0003885,O000635,P00036,2,2468.52,0
I0003886,O000648,P00175,5,1125.94,10
I0003887,O000487,P00407,1,3686.13,0
I0003888,O001239,P00279,1,4618.57,25
I0003889,O000836,P00211,3,1880.7,10
I0003890,O001281,P00357,3,2020.02,20
I0003891,O000869,P00150,2,4301.13,0
I0003892,O000499,P00046,1,466.24,20
I0003893,O000354,P00136,4,3099.76,25
I0003894,O000500,P00322,1,215.61,10
I0003895,O001118,P00062,1,6132.21,0
I0003896,O000482,P00003,1,5569.39,15
I0003897,O000484,P00174,3,5337.33,25
I0003898,O001377,P00202,1,4747.79,0
I0003899,O000851,P00421,2,4929.8,0
I0003900,O000503,P00089,4,7509.58,15
I0003901,O001046,P00013,4,1966.28,5
I0003902,O000988,P00498,4,1689.59,0
I0003903,O000266,P00024,3,6154.51,20
I0003904,O000971,P00103,1,8655.98,10
I0003905,O000495,P00117,4,6132.56,5
I0003906,O001243,P00029,5,3919.27,0
I0003907,O000014,P00222,4,5511.7,0
I0003908,O000165,P00113,5,7052.24,25
I0003909,O000532,P00312,3,6473.2,10
I0003910,O001264,P00484,2,6602.4,5
I0003911,O001229,P00399,1,1182.39,10
I0003912,O000484,P00511,1,328.08,20
I0003913,O001025,P00120,5,227.58,0
I0003914,O001198,P00436,2,1159.47,0
I0003915,O000782,P00138,4,3867.47,10
I0003916,O000763,P00225,1,271.02,0
I0003917,O000401,P00470,1,1236.23,25
I0003918,O000587,P00538,4,7308.31,0
I0003919,O000446,P00170,2,2545.9,20
I0003920,O000141,P00296,4,6807.16,25
I0003921,O000361,P00401,4,5516.32,0
I0003922,O000608,P00224,1,530.97,0
I0003923,O000853,P00074,4,4229.67,20
I0003924,O001283,P00306,2,5124.12,5
I0003925,O001048,P00191,3,4530.64,15
I0003926,O000864,P00407,5,3071.87,10
I0003927,O000056,P00269,4,4879.39,10
I0003928,O001104,P00321,4,546.64,10
I0003929,O000045,P00523,4,4709.06,15
I0003930,O000058,P00237,1,139.28,0
I0003931,O001313,P00499,5,3387.94,20
I0003932,O000706,P00233,1,4995.35,0
I0003933,O000233,P00149,5,1599.94,0
I0003934,O000786,P00495,1,2003.06,0
I0003935,O000090,P00287,1,6055.07,0
I0003936,O001186,P00387,2,3416.51,15
I0003937,O000263,P00463,2,2450.78,5
I0003938,O001063,P00492,1,3316.42,0
I0003939,O000915,P00550,1,1143.14,25
I0003940,O000984,P00411,1,6275.3,10
I0003941,O001067,P00539,5,3056.83,25
I0003942,O001192,P00489,3,1071.09,15
I0003943,O000331,P00059,3,3432.96,0
I0003944,O000255,P00110,4,3215.33,15
I0003945,O000856,P00420,3,1999.62,20
I0003946,O001270,P00098,5,1557.69,0
I0003947,O000158,P00010,4,2147.85,20
I0003948,O000499,P00321,4,384.64,10
I0003949,O000345,P00205,1,7534.76,5
I0003950,O000365,P00361,4,2440.4,25
I0003951,O000858,P00425,1,652.99,15
I0003952,O001000,P00421,2,5056.05,15
I0003953,O001176,P00073,1,4911.83,0
I0003954,O001328,P00539,5,2970.05,15
I0003955,O001087,P00055,4,8181.93,0
I0003956,O000425,P00049,1,1820.06,0
I0003957,O000873,P00512,1,660.92,5
I0003958,O000236,P00194,2,5158.79,25
I0003959,O000247,P00200,4,5046.87,0
I0003960,O001258,P00079,4,4261.47,5
I0003961,O000076,P00275,5,4788.79,0
I0003962,O000116,P00318,5,2343.72,20
I0003963,O000732,P00168,5,4952.05,5
I0003964,O001032,P00529,3,475.71,20
I0003965,O001393,P00432,2,4662.02,15
I0003966,O000987,P00127,2,6788.87,20
I0003967,O001295,P00224,5,387.54,5
I0003968,O000897,P00351,1,7761.98,0
I0003969,O001143,P00189,3,7207.07,0
I0003970,O000863,P00261,4,5438.15,0
I0003971,O000832,P00187,2,7960.09,0
I0003972,O001171,P00405,2,2141.53,5
I0003973,O000426,P00265,1,5380.91,15
I0003974,O000479,P00258,3,3530.39,10
I0003975,O001236,P00223,1,2218.63,25
I0003976,O000820,P00482,5,2891.58,20
I0003977,O000095,P00346,5,5147.3,10
I0003978,O001187,P00314,3,6491.94,0
I0003979,O001152,P00285,1,6978.57,15
I0003980,O000944,P00181,1,2508.33,25
I0003981,O001333,P00193,3,2338.64,0
I0003982,O001041,P00429,4,1321.98,0
I0003983,O000964,P00221,5,3186.52,10
I0003984,O000980,P00464,1,4388.76,0
I0003985,O000602,P00491,2,3946.36,20
I0003986,O000272,P00185,3,1535.0,20
I0003987,O000193,P00175,3,1209.32,15
I0003988,O000844,P00236,1,4802.47,0
I0003989,O000889,P00190,2,5702.09,0
I0003990,O000205,P00097,5,4227.47,5
I0003991,O000345,P00298,3,6338.89,15
I0003992,O001371,P00278,2,6840.8,0
I0003993,O000502,P00162,3,2360.09,25
I0003994,O001231,P00377,1,382.08,10
I0003995,O000242,P00360,1,4854.25,15
I0003996,O000689,P00437,1,286.56,5
I0003997,O001180,P00009,5,3216.76,5
I0003998,O000395,P00507,3,2787.67,15
I0003999,O000958,P00067,2,3483.66,5
I0004000,O000666,P00138,3,3955.37,20
I0004001,O000367,P00058,5,2379.36,0
I0004002,O001317,P00073,1,3805.4,10
I0004003,O000548,P00328,5,705.71,15
I0004004,O001299,P00180,1,8589.04,0
I0004005,O000782,P00492,4,3679.74,20
I0004006,O000355,P00434,5,6134.21,15
I0004007,O000475,P00356,2,2754.79,0
I0004008,O000134,P00257,1,5499.65,15
I0004009,O001387,P00197,5,3277.31,15
I0004010,O000260,P00237,3,139.41,20
I0004011,O000005,P00153,3,767.62,20
I0004012,O000385,P00182,5,5580.71,0
I0004013,O001382,P00207,3,908.15,15
I0004014,O000528,P00236,2,3967.21,5
I0004015,O000781,P00105,5,4818.35,15
I0004016,O001040,P00261,1,4568.64,25
I0004017,O000360,P00371,3,999.64,20
I0004018,O001271,P00181,4,2974.21,15
I0004019,O000043,P00338,3,184.75,0
I0004020,O001183,P00349,1,3855.57,0
I0004021,O000765,P00536,5,4642.77,10
I0004022,O001166,P00009,2,3416.54,15
I0004023,O000670,P00433,3,6614.15,15
I0004024,O000830,P00099,4,1846.54,5
I0004025,O001126,P00469,1,421.48,0
I0004026,O001206,P00039,5,3962.25,0
I0004027,O000435,P00521,4,2895.67,5
I0004028,O001058,P00412,4,2139.93,10
I0004029,O001104,P00461,5,965.37,5
I0004030,O000837,P00468,1,6718.21,10
I0004031,O001197,P00023,4,1533.16,25
I0004032,O000902,P00268,5,4335.06,0
I0004033,O001073,P00027,2,6438.57,20
I0004034,O000690,P00459,1,1764.53,25
I0004035,O000886,P00368,4,2072.31,0
I0004036,O001112,P00347,1,681.87,10
I0004037,O000788,P00021,1,2465.0,5
I0004038,O001399,P00268,5,3250.64,5
I0004039,O001251,P00213,3,6024.01,10
I0004040,O000039,P00530,3,2000.54,5
I0004041,O001323,P00332,1,5116.53,10
I0004042,O000470,P00419,5,3172.14,5
I0004043,O000542,P00047,2,1750.77,25
I0004044,O000966,P00446,1,6084.19,15
I0004045,O000913,P00172,3,2484.32,0
I0004046,O000115,P00134,3,403.7,20
I0004047,O000663,P00247,5,5370.62,10
I0004048,O000771,P00439,2,8207.75,5
I0004049,O001289,P00527,1,3974.62,25
I0004050,O001325,P00256,5,3396.17,0
I0004051,O000107,P00417,5,4487.72,0
I0004052,O000719,P00331,5,446.09,20
I0004053,O000163,P00087,1,3973.52,0
I0004054,O001184,P00450,5,3331.57,5
I0004055,O001329,P00087,5,3078.82,25
I0004056,O000756,P00302,5,5355.0,25
I0004057,O000718,P00502,4,3245.05,25
I0004058,O000443,P00487,1,5817.95,10
I0004059,O000398,P00151,1,3441.2,0
I0004060,O001393,P00260,3,2227.96,20
I0004061,O001042,P00265,4,5494.64,10
I0004062,O000215,P00251,2,2409.04,20
I0004063,O000456,P00155,2,200.17,20
I0004064,O000977,P00432,1,4870.86,20
I0004065,O000451,P00049,4,1954.47,10
I0004066,O000732,P00309,3,3421.41,10
I0004067,O000279,P00178,4,6914.64,10
I0004068,O000642,P00456,5,6903.08,15
I0004069,O000543,P00501,4,2432.55,25
I0004070,O000559,P00384,5,791.23,20
I0004071,O001029,P00246,3,2916.53,0
I0004072,O000914,P00363,2,1799.74,25
I0004073,O000492,P00260,1,2418.35,10
I0004074,O000974,P00430,5,5392.91,5
I0004075,O000984,P00154,1,5723.02,5
I0004076,O001223,P00083,3,5634.44,0
I0004077,O000156,P00306,1,4445.27,10
I0004078,O000122,P00213,2,5469.92,0
I0004079,O001170,P00034,1,1684.46,20
I0004080,O000764,P00035,4,3467.71,20
I0004081,O000496,P00519,2,3006.68,20
I0004082,O000501,P00270,3,2298.68,25
I0004083,O000749,P00342,4,700.09,0
I0004084,O000843,P00206,2,7043.61,0
I0004085,O000533,P00014,1,853.0,25
I0004086,O000123,P00081,1,4362.44,25
I0004087,O001364,P00316,5,5863.92,10
I0004088,O001229,P00080,1,7991.48,15
I0004089,O001212,P00514,5,8203.61,25
I0004090,O000178,P00322,1,244.72,20
I0004091,O000441,P00326,5,7290.3,10
I0004092,O000874,P00284,4,2791.09,20
I0004093,O000919,P00314,4,6202.1,0
I0004094,O001047,P00523,4,5283.57,0
I0004095,O001196,P00288,4,4620.49,20
I0004096,O000302,P00393,5,3754.48,0
I0004097,O000756,P00382,2,4661.25,15
I0004098,O001079,P00384,1,778.78,0
I0004099,O000477,P00283,2,6980.03,0
I0004100,O000381,P00185,5,1445.76,5
I0004101,O000570,P00018,3,4658.5,20
I0004102,O001096,P00248,5,6685.52,0
I0004103,O000113,P00069,3,1925.57,0
I0004104,O000796,P00091,5,3983.42,5
I0004105,O000924,P00497,3,5336.17,0
I0004106,O000930,P00093,3,4453.8,15
I0004107,O000535,P00348,2,179.28,25
I0004108,O000006,P00310,2,2218.95,15
I0004109,O000212,P00269,3,3462.76,20
I0004110,O001034,P00171,2,2552.07,0
I0004111,O001101,P00366,1,6886.42,20
I0004112,O000636,P00417,4,4915.29,25
I0004113,O000620,P00509,4,1773.48,0
I0004114,O000157,P00209,3,5644.13,0
I0004115,O000728,P00009,2,3539.29,0
I0004116,O000652,P00274,4,4234.64,0
I0004117,O001274,P00358,2,2288.25,25
I0004118,O000244,P00374,2,7132.23,15
I0004119,O001276,P00336,3,1234.2,0
I0004120,O001388,P00536,3,4971.79,0
I0004121,O000769,P00175,5,1048.25,25
I0004122,O000772,P00532,1,6785.74,25
I0004123,O001102,P00183,2,2482.39,25
I0004124,O000452,P00100,5,1934.68,25
I0004125,O000085,P00094,5,269.42,0
I0004126,O000529,P00546,1,6005.7,0
I0004127,O001243,P00266,2,6170.49,0
I0004128,O000211,P00320,2,6386.89,5
I0004129,O000107,P00475,2,7302.1,20
I0004130,O000130,P00105,2,4974.26,0
I0004131,O000605,P00484,2,5762.43,0
I0004132,O000181,P00303,4,3279.33,0
I0004133,O000743,P00341,3,564.51,0
I0004134,O000458,P00065,3,5601.33,0
I0004135,O000022,P00315,3,2993.77,15
I0004136,O000098,P00091,1,4386.67,20
I0004137,O001258,P00418,3,1811.78,20
I0004138,O000936,P00321,3,441.94,25
I0004139,O000626,P00443,2,6860.7,5
I0004140,O000377,P00123,5,1370.4,0
I0004141,O001258,P00145,4,3180.01,15
I0004142,O000313,P00274,3,3433.6,5
I0004143,O000211,P00085,5,502.98,0
I0004144,O001262,P00392,4,5814.1,0
I0004145,O000328,P00540,2,4736.65,0
I0004146,O001097,P00127,4,5099.84,25
I0004147,O000312,P00516,2,2243.08,20
I0004148,O001307,P00512,3,530.77,20
I0004149,O001165,P00391,5,608.46,0
I0004150,O000397,P00032,5,5535.22,10
I0004151,O000023,P00089,1,6431.75,0
I0004152,O001009,P00143,3,2491.01,0
I0004153,O000413,P00467,1,679.57,0
I0004154,O000548,P00048,4,5594.04,15
I0004155,O000521,P00506,2,4106.69,15
I0004156,O000297,P00475,1,6709.9,0
I0004157,O000382,P00303,3,4330.81,25
I0004158,O001387,P00046,3,493.54,25
I0004159,O001294,P00024,2,8718.7,10
I0004160,O000090,P00017,4,2826.85,0
I0004161,O000537,P00178,2,5827.9,25
I0004162,O000978,P00368,3,1719.51,25
I0004163,O000699,P00409,5,1103.79,15
I0004164,O000171,P00024,3,7792.44,20
I0004165,O000893,P00518,3,4180.14,20
I0004166,O000073,P00266,2,4332.48,10
I0004167,O000884,P00338,3,211.56,0
I0004168,O001008,P00528,5,3785.56,15
I0004169,O000712,P00454,4,562.39,15
I0004170,O000422,P00244,1,4325.35,0
I0004171,O000283,P00427,2,2883.7,0
I0004172,O000397,P00091,1,4285.04,0
I0004173,O001207,P00287,4,4741.65,25
I0004174,O001183,P00458,1,2581.15,0
I0004175,O000425,P00522,1,6396.34,25
I0004176,O001202,P00263,5,1261.88,25
I0004177,O001148,P00331,2,435.59,20
I0004178,O000151,P00297,3,1160.6,25
I0004179,O000942,P00125,3,5748.67,20
I0004180,O000478,P00049,3,1589.1,0
I0004181,O000735,P00246,5,3099.12,20
I0004182,O000441,P00419,4,3370.22,25
I0004183,O000259,P00340,2,5572.2,10
I0004184,O001140,P00506,1,3302.63,15
I0004185,O001284,P00530,4,1754.74,25
I0004186,O000779,P00424,3,7918.78,0
I0004187,O001359,P00171,3,3023.64,15
I0004188,O001077,P00191,2,5913.11,20
I0004189,O000227,P00550,1,1071.25,0
I0004190,O000430,P00252,3,2348.0,15
I0004191,O000875,P00527,3,4178.86,5
I0004192,O000839,P00433,4,7900.17,15
I0004193,O000818,P00019,5,1051.96,25
I0004194,O000551,P00225,4,313.52,15
I0004195,O000973,P00334,5,4962.02,0
I0004196,O001303,P00237,3,134.54,10
I0004197,O000676,P00331,3,522.21,0
I0004198,O001001,P00516,5,1898.75,20
I0004199,O000179,P00469,3,495.64,0
I0004200,O000791,P00299,5,6998.34,0
